city,total_gmv
Bangalore,12453468.0
BANGALURU,6507175.0
BENGALURU URBAN,2700838.0
HYDERABAD,2265302.0
Hyderabad,2091117.0
,2074668.0
Mumbai,1779849.0
Pune,1497354.0
Gurgaon,1238521.0
K.V.Rangareddy,1209550.0
MUMBAI,765361.0
NEW DELHI,726449.0
GACHIBOWLI,722032.0
RANGA REDDY,664173.0
MEDCHAL MALKAJGIRI,581569.0
Gautam Buddha Nagar,472880.0
Chennai,459950.0
South West Delhi,431969.0
West Delhi,356290.0
Ghaziabad,321083.0
Bengaluru,300760.0
South Delhi,293996.0
North West Delhi,270715.0
Thane,243936.0
PUNE,228381.0
CHENNAI,227401.0
SOUTH,208378.0
North Delhi,181735.0
ANANTAPUR,169904.0
Indore,166885.0
MADURAI,163505.0
Kanchipuram,162675.0
East Delhi,153835.0
GAUTAM BUDDHA NAGAR,150559.0
Hisar,146485.0
VISAKHAPATANAM,146457.0
GURUGRAM,140773.0
Faridabad,135001.0
Medak,126051.0
MYSURU,122284.0
Kolkata,122064.0
MUMBAI SUBURBAN,111128.0
KANPUR NAGAR,110045.0
Mysore,101232.0
East Khasi Hills,99999.0
Khorda,94948.0
Gurugram (Gurgaon),92888.0
Jaipur,92085.0
LUCKNOW,91716.0
THANE,83951.0
Ahmedabad,82847.0
BENGALURU RURAL,82259.0
NTR,79366.0
COIMBATORE,77621.0
North East Delhi,75894.0
RANCHI,75724.0
KHORDHA,74894.0
WEST,74038.0
KOLKATA,72295.0
Lucknow,70810.0
CHENGALPATTU,69236.0
Kalahandi,68499.0
KOLAR,67997.0
KRISHNA,67596.0
CENTRAL,67447.0
VIZIANAGARAM,66615.0
Krishna,65690.0
Kumbakonam,63347.0
SAHARANPUR,62999.0
SANGAREDDY,60350.0
ERNAKULAM,60325.0
SAMBHAL,60298.0
South East,60257.0
Surat,59659.0
Mathura,59498.0
Dakshina Kannada,59212.0
EAST,58292.0
Meerut,57638.0
TUMAKURU,56762.0
Ananthapur,55370.0
GHAZIABAD,54726.0
Vadodara,54091.0
BELAGAVI,53061.0
WARANGAL,52499.0
PATNA,51859.0
Agra,50694.0
Raigarh(MH),50221.0
Central Delhi,50217.0
Mira Road,49498.0
JAIPUR,48501.0
RAMANAGARA,43127.0
SPSR NELLORE,43064.0
Nagpur,42188.0
GORAKHPUR,41595.0
VADODARA,40238.0
Jhajjar,39999.0
NORTH GOA,39843.0
Tiruvallur,38611.0
JAMMU,38246.0
Beawar,37999.0
WEST GODAVARI,37499.0
Kanpur Dehat,36999.0
JABALPUR,36482.0
Moradabad,35760.0
KALABURAGI,35714.0
Kamrup,35710.0
SHAMLI,34999.0
THRISSUR,34181.0
West Tripura,33838.0
UDUPI,33150.0
Rajkot,32955.0
NAGPUR,32591.0
THIRUVANANTHAPURAM,32253.0
Coimbatore,32127.0
Bhopal,31696.0
Bangalore Rural,31347.0
LUDHIANA,30825.0
MANDYA,30758.0
GUNTUR,30709.0
AMRITSAR,30402.0
Aurangabad,30200.0
Visakhapatnam,29683.0
Patna,29681.0
THIRUVALLUR,29552.0
CHITTOOR,28631.0
KOZHIKODE,28562.0
BIJNOR,28518.0
KODAGU,28397.0
Tirupati,28326.0
INDORE,28223.0
New Delhi,27784.0
Dehradun,27777.0
PONDICHERRY,27572.0
PRATAPGARH,27499.0
Chirala,27358.0
Raipur,27159.0
Nainital,26790.0
Jabalpur,26455.0
NAGARKURNOOL,26297.0
BAGHPAT,26055.0
Proddatur,25999.0
Bulandshahr,25698.0
Kanpur Nagar,25502.0
CHANDIGARH,24591.0
Chandigarh,24073.0
Shahid Bhagat Singh Nagar,23997.0
Jagitial,23842.0
KAMRUP METRO,23830.0
East Godavari,23478.0
PRAKASAM,23340.0
Dharwad,23326.0
Kota,23051.0
SIDDIPET,22999.0
REWARI,22974.0
Yavatmal,22937.0
Delhi,22631.0
Tumkur,22505.0
PRAYAGRAJ,22472.0
SALEM,22149.0
MAINPURI,21748.0
Udaipur,21701.0
RAYAGADA,21646.0
Kurnool,21563.0
BENGALURU,21280.0
Karnal,21155.0
HAPUR,20793.0
Secunderabad,20706.0
Ernakulam,20683.0
CHITRADURGA,20495.0
DAKSHINA KANNADA,20423.0
Hassan,19919.0
Bellary,19704.0
North 24 Parganas,19644.0
Gwalior,19261.0
Rangareddy,18892.0
RAJKOT,18723.0
Mau,18398.0
HANUMAKONDA,18106.0
CHIKKAMAGALURU,18045.0
PANIPAT,18030.0
BANGALORE,17811.0
KOPPAL,17666.0
TIRUVANNAMALAI,17647.0
HAVERI,17258.0
DHARWAD,17184.0
GANGANAGAR,17014.0
Phagwara,16999.0
Karimnagar,16998.0
Davangere,16928.0
SUNDARGARH,16872.0
Khandwa,16499.0
North Goa,16414.0
Suryapet,16098.0
ALAPPUZHA,15999.0
PILIBHIT,15627.0
South 24 Parganas,15358.0
RAIGAD,15358.0
Banglore,14999.0
kinwat,14999.0
Wardha,14999.0
BHOPAL,14950.0
SHIVAMOGGA,14720.0
CUTTACK,14351.0
PALGHAR,14338.0
Y.S.R.,14261.0
DELHI,14069.0
PORBANDAR,14017.0
HISAR,13964.0
Gurugram,13952.0
Saharanpur,13870.0
GIRIDIH,13538.0
Kolar,13525.0
Ludhiana,13335.0
South,13248.0
Gandhi Nagar,13135.0
PUDUKKOTTAI,12999.0
RAE BARELI,12799.0
Udham Singh Nagar,12602.0
TINSUKIA,12394.0
Jammu,12263.0
Eluru,12232.0
Konaseema,12176.0
HOWRAH,12077.0
Palamaner,12077.0
AGRA,12002.0
WANAPARTHY,11999.0
Navi Mumbai,11918.0
BOKARO,11497.0
MAHABUBNAGAR,11318.0
Silvassa,11256.0
Udhampur,10998.0
SOLAPUR,10769.0
EAST GODAVARI,10618.0
BALLARI,10585.0
Parvathipuram Manyam,10499.0
K.V.Rangareddy Hyderabad,10411.0
AHMADABAD,10344.0
MALAPPURAM,10268.0
FARIDABAD,10238.0
BATHINDA,10197.0
Ameerpet,9999.0
Serilingampally,9999.0
DEOGHAR,9999.0
Karim Nagar,9999.0
BAREILLY,9740.0
BHARATPUR,9652.0
Patiala,9569.0
JODHPUR,9544.0
SATARA,9398.0
Rupnagar,9387.0
KANCHIPURAM,9282.0
Guntur,9227.0
MEERUT,8991.0
Nashik,8816.0
SURAT,8675.0
PANCHKULA,8638.0
NORTH WEST,8626.0
Khairagarh,8598.0
BARWALA,8499.0
Bajali,8499.0
ALWAR,8499.0
Bangalore South,8492.0
BHAGALPUR,8367.0
Pondicherry,8292.0
Panchkula,8211.0
Vijayawada,8060.0
KURNOOL,7993.0
RaigarhMH,7923.0
NORTH,7851.0
BHAVNAGAR,7765.0
GANJAM,7749.0
Amravati,7742.0
Valsad,7722.0
Bagpat,7698.0
MEDINIPUR WEST,7634.0
Solapur,7633.0
Bapatla,7575.0
Banka,7550.0
NORTH EAST,7529.0
KARIMNAGAR,7494.0
Chickmagalur,7419.0
Faizabad,7407.0
Rohtak,7283.0
MUZAFFARNAGAR,7263.0
FIROZABAD,7236.0
KOLHAPUR,7190.0
Belgaum,7114.0
Nilgiris,7075.0
East Singhbhum,7026.0
AHMEDNAGAR,7012.0
Jharsuguda,6999.0
Hanamakonda,6999.0
KARUR,6904.0
TIRUPPUR,6818.0
Noida,6774.0
ETAWAH,6499.0
Bangaluru,6498.0
NAMAKKAL,6467.0
Namakkal,6455.0
Greater Noida,6255.0
Dhanbad,6202.0
Halisahar,6157.0
Palghar,6048.0
Varanasi,5981.0
Sangareddy,5953.0
ERODE,5946.0
Sri Sathya Sai,5896.0
JALPAIGURI,5805.0
KHARGONE,5797.0
पुणे,5753.0
UDAM SINGH NAGAR,5743.0
TIRUCHIRAPPALLI,5725.0
NEW TOWN North 24 Parganas,5698.0
Balagere road,5693.0
KANNUR,5623.0
Kurukshetra,5599.0
Siliguri,5543.0
DURG,5504.0
Gulbarga,5493.0
DHANBAD,5436.0
hyderabad,5355.0
GADAG,5334.0
Jalandhar,5295.0
Palnadu,5276.0
Jodhpur,5257.0
Thiruvananthapuram,5209.0
Amritsar,5194.0
Bikaner,5155.0
Hospet,4997.0
bangalore,4954.0
Warangal,4932.0
Zirakpur,4886.0
Rewari,4884.0
BAGALKOT,4846.0
Bengaluru Urban,4846.0
CUDDALORE,4835.0
Anakapalli,4805.0
Kakinada,4697.0
EAST KHASI HILLS,4664.0
Guna,4656.0
Nanded,4655.0
VIRUDHUNAGAR,4634.0
THANJAVUR,4625.0
Mohali,4614.0
Thrissur,4605.0
GUMLA,4597.0
HOSHIARPUR,4596.0
GWALIOR,4536.0
Pragathinagar - Hyderabad,4504.0
KANGRA,4498.0
Dibrugarh,4485.0
Yamuna Nagar,4476.0
West Midnapore,4387.0
NALGONDA,4385.0
JHALAWAR,4367.0
Ganjam,4352.0
Kolkata- 700161,4317.0
Bhubaneswar,4303.0
PASCHIM BARDHAMAN,4267.0
Shahjahanpur,4237.0
KHAMMAM,4207.0
Bhiwadi,4196.0
KANNIYAKUMARI,4184.0
SOUTH GOA,4161.0
BALRAMPUR,4155.0
Durg,4117.0
NIZAMABAD,4045.0
SINGRAULI,4028.0
TNGOS COLONY Hyderabad,4015.0
Virar,4014.0
Peer muchchalla,3994.0
Kushinagar,3994.0
JAMUI,3948.0
thane,3925.0
Jhabua,3905.0
RAISEN,3895.0
Tuticorin,3886.0
NAVSARI,3823.0
Barasat,3816.0
RAICHUR,3794.0
Byadagi,3782.0
Mangalore,3764.0
budhagumpa,3738.0
DAUSA,3698.0
DAVANGERE,3657.0
KACHCHH,3655.0
Ratlam,3648.0
Durgapur,3648.0
TUMAKURUll,3611.0
Udupi,3604.0
Agartala,3598.0
VIJAYAPURA,3595.0
WAYANAD,3593.0
PATHANAMTHITTA,3557.0
SHIMLA,3516.0
Korba,3457.0
Roorkee,3455.0
Tinsukia,3426.0
MATHURA,3404.0
Bangalore Division,3396.0
K.V.Rangareddy hyderabad,3393.0
Cuttack,3386.0
HARIDWAR,3363.0
Bareilly,3347.0
Sangli,3317.0
Nagarjunasagar,3298.0
Erode,3242.0
Housr,3219.0
Ranipet,3164.0
SONEPUR,3163.0
MAHOBA,3146.0
Hoshiarpur,3128.0
Bangalore North,3117.0
GHAZIPUR,3107.0
Bhiwani,3107.0
Bilaspur(CGH),3087.0
Karbi Anglong,3058.0
ROURKELA,3046.0
MAHARAJGANJ,3034.0
Budgam,3032.0
Ranchi,3018.0
Jamnagar,2999.0
GARHWA,2998.0
pulithivakkam,2976.0
UTTARA KANNADA,2975.0
Raxaul,2957.0
EAST SINGHBUM,2952.0
Guwahati,2947.0
HOOGHLY,2925.0
Shalimar Bagh North West Delhi,2907.0
SURAJPUR,2902.0
Kachchh,2898.0
MANDSAUR,2888.0
NAINITAL,2827.0
Malappuram,2826.0
Prakasam,2797.0
Nirmal,2787.0
Kanyakumari,2776.0
Egmore Nungambakkam,2737.0
Telangana,2726.0
Banger,2725.0
Berhampur,2706.0
SINDHUDURG,2698.0
Sundergarh,2693.0
Tirupati district,2675.0
BIRBHUM,2657.0
Idukki,2617.0
Jaggayyapeta NTR District,2615.0
GAYA,2586.0
North 24 parganas,2576.0
JAMNAGAR,2563.0
Kodagu,2527.0
vasai west,2517.0
West Garo Hills,2499.0
BALLIA,2499.0
k.v.rangareddy,2499.0
ETAH,2499.0
Anand,2499.0
SOUTH SALMARA MANCACHAR,2499.0
SULTANPUR,2477.0
KORAPUT,2427.0
Karol bagh,2399.0
Annamayya,2398.0
Chandrapur,2388.0
AJMER,2378.0
KOLLAM,2376.0
Lunglei,2349.0
Saroornagar,2346.0
Miyapur,2299.0
Jhansi,2298.0
Narsinghpur,2297.0
Calicut,2267.0
Kottayam,2257.0
South Patel nagar delhi,2251.0
Kadapa,2249.0
SONITPUR,2239.0
Tambaram Sanitorium,2237.0
Bhiwandi,2199.0
Hyderabad kompally,2199.0
Bardhaman,2199.0
Greater Noida Wet,2199.0
BHIND,2199.0
Mahoba,2198.0
Hosur,2178.0
Mainpuri,2167.0
Theni,2158.0
Mandya,2154.0
Gurgaon sector 49,2138.0
Golaghat,2118.0
HANUMANGARH,2099.0
BARRACKPORE (North),2099.0
MAHESANA,2099.0
Dewas,2099.0
Amreli,2099.0
Colaba,2099.0
BARNALA,2098.0
Unnao,2098.0
Alwar,2049.0
UDAIPUR,2049.0
KENDUJHAR,2038.0
DEHRADUN,2034.0
Gautam Buddha Nagar( Greater Noida West ),1999.0
Lower Parel,1999.0
KATNI,1999.0
RAMGARH,1999.0
Kharar,1998.0
Jhujhunu,1988.0
CHIKKABALLAPURA,1976.0
Singrauli,1949.0
AKOLA,1949.0
GONDIA,1948.0
SHAHDARA,1943.0
VARANASI,1936.0
ANGUL,1918.0
Jalgoan,1918.0
Hardoi,1899.0
Khamgaon,1899.0
Udgir. LATUR,1899.0
Kapurthala,1899.0
Samastipur,1899.0
Sabarkantha,1899.0
MADHUBANI,1899.0
Hubballi,1899.0
Deoria,1899.0
Siwan,1899.0
Haridwar,1899.0
Delta 2 g block gr noida,1899.0
YADADRI BHUVANAGIRI,1899.0
JALANDHAR,1882.0
ANAND,1867.0
BANDA,1858.0
Mumbai Suburban,1849.0
Dadra nagar haveli,1849.0
Pune Division,1845.0
Leh,1839.0
East Champaran,1799.0
SIKAR,1799.0
RAJANNA SIRCILLA,1799.0
Mandi Dabwali,1799.0
SHAHDOL,1799.0
VIDISHA,1790.0
YADGIR,1757.0
SRIKAKULAM,1746.0
Chittoor,1723.0
Akola,1721.0
Noida sector 22,1718.0
Attibele,1706.0
S.A.S NAGAR,1699.0
DIMAPUR,1699.0
Medak Hyderabad,1699.0
SAMASTIPUR,1699.0
Pitampura,1699.0
AMRAVATI,1699.0
Madhupur,1699.0
Sindhanur,1699.0
Hyderabad.,1699.0
Jagatsinghapur,1699.0
Krishnagiri,1697.0
Hubli,1679.0
VIJAYNAGAR,1668.0
DARJEELING,1643.0
Chamrajnagar,1622.0
SOUTH East,1618.0
Jehanabad,1609.0
EAST DISTRICT,1599.0
LATUR,1599.0
Bijoliya,1599.0
Kollur,1599.0
Howrah,1598.0
WEST JAINTIA HILLS,1578.0
PURNIA,1574.0
Sagar,1568.0
PATHANKOT,1568.0
SOUTH WEST,1557.0
Medchal Malkajgiri Dist,1557.0
SEHORE,1556.0
Binnaguri,1549.0
SOUTH DELHI,1549.0
Thane Navi Mumbai Nerul Seawoods east,1548.0
CHIKKABALLAPURA District,1548.0
CHANDAULI,1546.0
Kanpur nagar,1539.0
West Delhil,1539.0
JHAJJAR,1539.0
MEDAK,1527.0
Gorakhpur,1519.0
bankura,1519.0
Mumbai Bhandup,1499.0
DIBRUGARH,1499.0
Ameenpur,1499.0
Vasai west,1499.0
Chhindwara,1498.0
East Siang,1489.0
Kozhikode,1473.0
Sivakasi,1439.0
Chengalpattu - Kanchipuram District,1438.0
JALGAON,1432.0
Kolhapur,1417.0
Pune City,1406.0
BULDHANA,1399.0
Secunderabadd,1398.0
NASHIK,1398.0
HASSAN,1398.0
KABIRDHAM,1349.0
Bathinda,1347.0
BHADOHI,1338.0
Kullu,1318.0
RAIPUR,1298.0
Pimpri-Chinchwad,1276.0
SATNA,1259.0
Kurinjikkattu,1259.0
KAMRUP,1249.0
Nellore,1248.0
GANDHINAGAR,1230.0
Hydrabad,1228.0
East Sikkim,1219.0
Ambala,1219.0
SARAIKELA KHARSAWAN,1209.0
ROHTAS,1204.0
Mumbai Hiranandani powai,1199.0
Nayagarh,1199.0
Rajpipla,1199.0
IMPHAL WEST,1198.0
Andheri East,1198.0
Vasai,1190.0
Patancheru,1188.0
BANAS KANTHA,1179.0
Tezpur,1169.0
Gautam Budh Nagar,1168.0
SOUTH EAST DELHI,1159.0
KHAGARIA,1158.0
Amethi,1138.0
Delhi-NCR,1137.0
Madanapalli,1134.0
VALSAD,1128.0
Jaigaon,1119.0
PATIALA,1118.0
R-206 Hm tambourine appartment jaraganahalli,1099.0
NALANDA,1099.0
Vellore,1098.0
BEED,1097.0
Kakrola Dwarka,1096.0
Murshidabad,1090.0
Halvad,1089.0
Gandhinagar,1079.0
RAIGARH,1079.0
Kokapet,1079.0
raebareli,1079.0
Jamshedpur,1079.0
Panipat,1058.0
SANT KABEER NAGAR,1057.0
Srinagar Garhwal,1049.0
South Goa,1048.0
SAGAR,1038.0
Kukatpally,1038.0
Begumpet Hyderabad,1037.0
Sikar,1022.0
UDALGURI,999.0
JOGULAMBA GADWAL,999.0
KOTA,999.0
Kendrapara,999.0
Greater Noida West,999.0
Bilaspur(CG),999.0
CACHAR,999.0
Garhshankar,999.0
PRAGATI NAGAR,988.0
Dhalai,983.0
Ghazipur,979.0
Rampally,978.0
Jalgaon,959.0
Narasaraopet,949.0
Kalyan,949.0
NOIDA,948.0
Hubli KMC,939.0
PUNE Chikhali,934.0
Srikakulam,903.0
S.A.S Nagar,899.0
Mangloona,899.0
Bijapur(KAR),899.0
SIWAN,899.0
YAVATMAL,899.0
PALAKKAD,899.0
KALIMPONG,899.0
ATTAPUR,898.0
Nandyal,884.0
JORHAT,880.0
PURI,879.0
Suchitra,879.0
Ganganagar,878.0
Diamond Harbour,868.0
KHB colony Basaveshwara nagar,863.0
Borabanda,859.0
NARMADA,858.0
Nadia,849.0
IDUKKI,849.0
Hyd,839.0
NABARANGPUR,838.0
PEDDAPALLI,838.0
Sangamner,831.0
Begumpet,827.0
SOUTH ANDAMANS,826.0
WARDHA,819.0
PURULIA,819.0
CHHOTAUDEPUR,799.0
hydreabad,799.0
VIKARABAD,799.0
Pateri chouraha satna m. P.,799.0
FAZILKA,791.0
Chennai nolambur,791.0
Karohibanahalli,759.0
Arvi,751.0
Uttara Kannada,749.0
KASARAGOD,738.0
SIDDHARTH NAGAR,729.0
new delhi,729.0
RANGA REDDY Nagar,727.0
Allagadda,719.0
Kanekal,711.0
Rajpura,699.0
MAYILADUTHURAI,699.0
Dhar,699.0
Bhainsa,699.0
Amberpet,699.0
Tikamgarh,699.0
SUPAUL,699.0
KOTTAYAM,699.0
Phulbani,699.0
AMBALA CANTT,698.0
VISAKHAPATNAM,689.0
Raja Pushpa Regalia,687.0
SANGLI,687.0
REWA,679.0
Guntakal,678.0
CHITTORGARH,669.0
gurgaon,659.0
SABAR KANTHA,659.0
Kangra,643.0
Rajendranagar,639.0
Bhadrak,639.0
Pollachi,629.0
City,629.0
Mandir marg NEW DELHI,618.0
Hafeezpeth Hyderabad,615.0
Mayurbhanj,609.0
NOWGONG,609.0
Tiruchengode,599.0
Jaggampeta,599.0
VILLUPURAM,599.0
Shillong,599.0
CHHINDWARA,599.0
Habsiguda,598.0
HamirpurHP,569.0
Sambalpur,549.0
SHIVPURI,549.0
Rajpur,549.0
NADIA,549.0
Imphal West,549.0
Karur,548.0
Ahmed Nagar,538.0
Thane west.,531.0
South Andaman,529.0
BALODA BAZAR,529.0
Bongaigaon,519.0
GREATER NOIDA WEST,499.0
Kheda,499.0
Greater Noida west,499.0
BENGALURU urban,499.0
Allahabad,498.0
Bijawar,489.0
Sonbhadra,479.0
BULANDSHAHR,479.0
Ramachandrapuram,449.0
Tellapur,439.0
Chintapalli,431.0
Gaya,429.0
TONK,419.0
Paschim Vihar,419.0
Kondapur,419.0
SRI MUKTSAR SAHIB,399.0
COOCHBEHAR,399.0
BHILWARA,399.0
Jagdalpur,399.0
Bagalkot,399.0
Rajahmundry,399.0
Chintalkunta,399.0
South Tripura,399.0
WEST GARO HILLS,399.0
AMROHA,399.0
NANDED,399.0
Modinagar,399.0
Hyderabad Miyapur,398.0
Kundapura,389.0
Shamli,378.0
Nagole,369.0
SAHARSA,359.0
mumbai,349.0
MAHENDRAGARH,349.0
Financial district,349.0
MORADABAD,329.0
Lower Subansiri,329.0
Muzaffarpur,321.0
Rourkela,309.0
Kondapur Hyderabad,304.0
VIJAYAWADA,299.0
Ranga reddy,299.0
Maddur,299.0
DEORIA,284.0
TIRUNELVELI,279.0
Barrackpore,259.0
Hyderabad RANGA REDDY,249.0
delhi,249.0
Manipal,229.0
WEST delhi,229.0
BENGALURU south,229.0
Tadikonda,229.0
Medchal Malkajgiri,229.0
Patel Nagar amberpet Hyderabad,189.0
Medchal,179.0
Ranga Reddy district,149.0
AURANGABAD,99.0
Maharashtra,99.0
Hathras,74.0
AHMEDABAD,73.0
Barnala,63.0
Thorrur,59.0
Thanjavur,57.0
Sarai Jullena,24.0
Karimganj,19.0
A-14 1st floor Amber block Emaar emerald h Gurgaon,4.0
MEDCHAL MALKAJGIRI Kompally,0.0
Hyderabad K.V.Rangareddy,0.0
MEDCHAL MALKAJGIRI kompally,0.0
Gachibowli,0.0
Pragathi nagar,0.0
Financial District,0.0
Greater noida,0.0
TUTICORIN,0.0
Sanath nagar,0.0
vijayawada,0.0
