Product X Ownership X City,period,Product Rating (PR)
GX - COCO - 1. Bangalore,Q-2023-04-01,3.86
GX - COCO - 2. Hyderabad,Q-2023-04-01,3.88
GX - COCO - 3. NCR,Q-2023-04-01,3.89
GX - COCO - 4. Mumbai,Q-2023-04-01,3.89
GX - COCO - 5. Pune,Q-2023-04-01,3.87
GX - COCO - 6. Chennai,Q-2023-04-01,3.91
GX - COCO - 7. Others,Q-2023-04-01,3.9
GX - FOFO - 1. Bangalore,Q-2023-04-01,3.85
GX - FOFO - 2. Hyderabad,Q-2023-04-01,3.87
GX - FOFO - 3. NCR,Q-2023-04-01,3.85
GX - FOFO - 4. Mumbai,Q-2023-04-01,3.86
GX - FOFO - 6. Chennai,Q-2023-04-01,3.89
GX - FOFO - 7. Others,Q-2023-04-01,3.88
GYM - COCO - 1. Bangalore,Q-2023-04-01,3.57
GYM - COCO - 2. Hyderabad,Q-2023-04-01,3.59
GYM - COCO - 3. NCR,Q-2023-04-01,3.62
GYM - COCO - 4. Mumbai,Q-2023-04-01,3.62
GYM - COCO - 5. Pune,Q-2023-04-01,3.47
GYM - FOFO - 1. Bangalore,Q-2023-04-01,3.61
GYM - FOFO - 2. Hyderabad,Q-2023-04-01,3.65
GYM - FOFO - 3. NCR,Q-2023-04-01,3.63
GYM - FOFO - 4. Mumbai,Q-2023-04-01,3.72
GYM - FOFO - 7. Others,Q-2023-04-01,3.65
GYM - MARKETPLACE - 1. Bangalore,Q-2023-04-01,3.59
GYM - MARKETPLACE - 2. Hyderabad,Q-2023-04-01,3.65
GYM - MARKETPLACE - 3. NCR,Q-2023-04-01,3.67
GYM - MARKETPLACE - 4. Mumbai,Q-2023-04-01,3.68
GYM - MARKETPLACE - 5. Pune,Q-2023-04-01,3.66
GYM - MARKETPLACE - 6. Chennai,Q-2023-04-01,3.67
GYM - MARKETPLACE - 7. Others,Q-2023-04-01,3.6
SPORTS - COCO - 1. Bangalore,Q-2023-04-01,3.73
SPORTS - COCO - 2. Hyderabad,Q-2023-04-01,3.67
SPORTS - COCO - 3. NCR,Q-2023-04-01,3.67
SPORTS - FOFO - 3. NCR,Q-2023-04-01,3.76
SPORTS - MARKETPLACE - 1. Bangalore,Q-2023-04-01,3.84
SPORTS - MARKETPLACE - 2. Hyderabad,Q-2023-04-01,3.65
SPORTS - MARKETPLACE - 3. NCR,Q-2023-04-01,3.65
GX - COCO - 1. Bangalore,Q-2023-07-01,3.86
GX - COCO - 2. Hyderabad,Q-2023-07-01,3.88
GX - COCO - 3. NCR,Q-2023-07-01,3.88
GX - COCO - 4. Mumbai,Q-2023-07-01,3.9
GX - COCO - 5. Pune,Q-2023-07-01,3.89
GX - COCO - 6. Chennai,Q-2023-07-01,3.92
GX - COCO - 7. Others,Q-2023-07-01,3.91
GX - FOFO - 1. Bangalore,Q-2023-07-01,3.83
GX - FOFO - 2. Hyderabad,Q-2023-07-01,3.86
GX - FOFO - 3. NCR,Q-2023-07-01,3.82
GX - FOFO - 4. Mumbai,Q-2023-07-01,3.85
GX - FOFO - 6. Chennai,Q-2023-07-01,3.91
GX - FOFO - 7. Others,Q-2023-07-01,3.88
GYM - COCO - 1. Bangalore,Q-2023-07-01,3.62
GYM - COCO - 2. Hyderabad,Q-2023-07-01,3.64
GYM - COCO - 3. NCR,Q-2023-07-01,3.65
GYM - COCO - 4. Mumbai,Q-2023-07-01,3.69
GYM - COCO - 5. Pune,Q-2023-07-01,3.5
GYM - FOFO - 1. Bangalore,Q-2023-07-01,3.65
GYM - FOFO - 2. Hyderabad,Q-2023-07-01,3.68
GYM - FOFO - 3. NCR,Q-2023-07-01,3.64
GYM - FOFO - 4. Mumbai,Q-2023-07-01,3.77
GYM - FOFO - 7. Others,Q-2023-07-01,3.63
GYM - MARKETPLACE - 1. Bangalore,Q-2023-07-01,3.62
GYM - MARKETPLACE - 2. Hyderabad,Q-2023-07-01,3.68
GYM - MARKETPLACE - 3. NCR,Q-2023-07-01,3.66
GYM - MARKETPLACE - 4. Mumbai,Q-2023-07-01,3.7
GYM - MARKETPLACE - 5. Pune,Q-2023-07-01,3.67
GYM - MARKETPLACE - 7. Others,Q-2023-07-01,3.62
SPORTS - COCO - 1. Bangalore,Q-2023-07-01,3.71
SPORTS - COCO - 2. Hyderabad,Q-2023-07-01,3.73
SPORTS - COCO - 3. NCR,Q-2023-07-01,3.62
SPORTS - FOFO - 3. NCR,Q-2023-07-01,3.81
SPORTS - MARKETPLACE - 1. Bangalore,Q-2023-07-01,3.85
SPORTS - MARKETPLACE - 2. Hyderabad,Q-2023-07-01,
GX - COCO - 1. Bangalore,Q-2023-10-01,3.87
GX - COCO - 2. Hyderabad,Q-2023-10-01,3.89
GX - COCO - 3. NCR,Q-2023-10-01,3.89
GX - COCO - 4. Mumbai,Q-2023-10-01,3.9
GX - COCO - 5. Pune,Q-2023-10-01,3.88
GX - COCO - 6. Chennai,Q-2023-10-01,3.94
GX - COCO - 7. Others,Q-2023-10-01,3.93
GX - FOFO - 1. Bangalore,Q-2023-10-01,3.85
GX - FOFO - 2. Hyderabad,Q-2023-10-01,3.89
GX - FOFO - 3. NCR,Q-2023-10-01,3.87
GX - FOFO - 4. Mumbai,Q-2023-10-01,3.85
GX - FOFO - 6. Chennai,Q-2023-10-01,3.92
GX - FOFO - 7. Others,Q-2023-10-01,3.89
GYM - COCO - 1. Bangalore,Q-2023-10-01,3.65
GYM - COCO - 2. Hyderabad,Q-2023-10-01,3.65
GYM - COCO - 3. NCR,Q-2023-10-01,3.64
GYM - COCO - 4. Mumbai,Q-2023-10-01,3.71
GYM - COCO - 5. Pune,Q-2023-10-01,3.44
GYM - COCO - 7. Others,Q-2023-10-01,3.77
GYM - FOFO - 1. Bangalore,Q-2023-10-01,3.66
GYM - FOFO - 2. Hyderabad,Q-2023-10-01,3.64
GYM - FOFO - 3. NCR,Q-2023-10-01,3.64
GYM - FOFO - 4. Mumbai,Q-2023-10-01,3.73
GYM - FOFO - 7. Others,Q-2023-10-01,3.65
GYM - MARKETPLACE - 1. Bangalore,Q-2023-10-01,3.63
GYM - MARKETPLACE - 2. Hyderabad,Q-2023-10-01,3.66
GYM - MARKETPLACE - 3. NCR,Q-2023-10-01,3.69
GYM - MARKETPLACE - 4. Mumbai,Q-2023-10-01,3.74
GYM - MARKETPLACE - 5. Pune,Q-2023-10-01,3.69
GYM - MARKETPLACE - 6. Chennai,Q-2023-10-01,
GYM - MARKETPLACE - 7. Others,Q-2023-10-01,3.66
SPORTS - COCO - 1. Bangalore,Q-2023-10-01,3.73
SPORTS - COCO - 2. Hyderabad,Q-2023-10-01,3.72
SPORTS - COCO - 3. NCR,Q-2023-10-01,3.7
SPORTS - FOFO - 3. NCR,Q-2023-10-01,3.73
SPORTS - MARKETPLACE - 1. Bangalore,Q-2023-10-01,3.82
GX - COCO - 1. Bangalore,Q-2024-01-01,3.86
GX - COCO - 2. Hyderabad,Q-2024-01-01,3.89
GX - COCO - 3. NCR,Q-2024-01-01,3.89
GX - COCO - 4. Mumbai,Q-2024-01-01,3.9
GX - COCO - 5. Pune,Q-2024-01-01,3.88
GX - COCO - 6. Chennai,Q-2024-01-01,3.94
GX - COCO - 7. Others,Q-2024-01-01,3.91
GX - FOFO - 1. Bangalore,Q-2024-01-01,3.85
GX - FOFO - 2. Hyderabad,Q-2024-01-01,3.9
GX - FOFO - 3. NCR,Q-2024-01-01,3.89
GX - FOFO - 4. Mumbai,Q-2024-01-01,3.83
GX - FOFO - 6. Chennai,Q-2024-01-01,3.92
GX - FOFO - 7. Others,Q-2024-01-01,3.88
GYM - COCO - 1. Bangalore,Q-2024-01-01,3.62
GYM - COCO - 2. Hyderabad,Q-2024-01-01,3.63
GYM - COCO - 3. NCR,Q-2024-01-01,3.64
GYM - COCO - 4. Mumbai,Q-2024-01-01,3.73
GYM - COCO - 5. Pune,Q-2024-01-01,3.48
GYM - COCO - 7. Others,Q-2024-01-01,3.8
GYM - FOFO - 1. Bangalore,Q-2024-01-01,3.63
GYM - FOFO - 2. Hyderabad,Q-2024-01-01,3.61
GYM - FOFO - 3. NCR,Q-2024-01-01,3.67
GYM - FOFO - 4. Mumbai,Q-2024-01-01,3.76
GYM - FOFO - 7. Others,Q-2024-01-01,3.67
GYM - MARKETPLACE - 1. Bangalore,Q-2024-01-01,3.61
GYM - MARKETPLACE - 2. Hyderabad,Q-2024-01-01,3.65
GYM - MARKETPLACE - 3. NCR,Q-2024-01-01,3.7
GYM - MARKETPLACE - 4. Mumbai,Q-2024-01-01,3.75
GYM - MARKETPLACE - 5. Pune,Q-2024-01-01,3.67
GYM - MARKETPLACE - 7. Others,Q-2024-01-01,3.69
SPORTS - COCO - 1. Bangalore,Q-2024-01-01,3.68
SPORTS - COCO - 2. Hyderabad,Q-2024-01-01,3.73
SPORTS - COCO - 3. NCR,Q-2024-01-01,3.74
SPORTS - MARKETPLACE - 1. Bangalore,Q-2024-01-01,3.73
GX - COCO - 1. Bangalore,Q-2024-04-01,3.86
GX - COCO - 2. Hyderabad,Q-2024-04-01,3.89
GX - COCO - 3. NCR,Q-2024-04-01,3.89
GX - COCO - 4. Mumbai,Q-2024-04-01,3.89
GX - COCO - 5. Pune,Q-2024-04-01,3.88
GX - COCO - 6. Chennai,Q-2024-04-01,3.94
GX - COCO - 7. Others,Q-2024-04-01,3.91
GX - FOFO - 1. Bangalore,Q-2024-04-01,3.86
GX - FOFO - 2. Hyderabad,Q-2024-04-01,3.91
GX - FOFO - 3. NCR,Q-2024-04-01,3.87
GX - FOFO - 4. Mumbai,Q-2024-04-01,3.82
GX - FOFO - 5. Pune,Q-2024-04-01,3.89
GX - FOFO - 6. Chennai,Q-2024-04-01,3.92
GX - FOFO - 7. Others,Q-2024-04-01,3.9
GYM - COCO - 1. Bangalore,Q-2024-04-01,3.61
GYM - COCO - 2. Hyderabad,Q-2024-04-01,3.66
GYM - COCO - 3. NCR,Q-2024-04-01,3.59
GYM - COCO - 4. Mumbai,Q-2024-04-01,3.76
GYM - COCO - 5. Pune,Q-2024-04-01,3.43
GYM - COCO - 7. Others,Q-2024-04-01,3.8
GYM - FOFO - 1. Bangalore,Q-2024-04-01,3.62
GYM - FOFO - 2. Hyderabad,Q-2024-04-01,3.61
GYM - FOFO - 3. NCR,Q-2024-04-01,3.61
GYM - FOFO - 4. Mumbai,Q-2024-04-01,3.73
GYM - FOFO - 7. Others,Q-2024-04-01,3.66
GYM - MARKETPLACE - 1. Bangalore,Q-2024-04-01,3.59
GYM - MARKETPLACE - 2. Hyderabad,Q-2024-04-01,3.61
GYM - MARKETPLACE - 3. NCR,Q-2024-04-01,3.63
GYM - MARKETPLACE - 4. Mumbai,Q-2024-04-01,3.73
GYM - MARKETPLACE - 5. Pune,Q-2024-04-01,3.66
GYM - MARKETPLACE - 6. Chennai,Q-2024-04-01,3.67
GYM - MARKETPLACE - 7. Others,Q-2024-04-01,3.68
SPORTS - COCO - 1. Bangalore,Q-2024-04-01,3.68
SPORTS - COCO - 2. Hyderabad,Q-2024-04-01,3.72
SPORTS - COCO - 3. NCR,Q-2024-04-01,3.63
SPORTS - MARKETPLACE - 1. Bangalore,Q-2024-04-01,3.67
GX - COCO - 1. Bangalore,Q-2024-07-01,3.87
GX - COCO - 2. Hyderabad,Q-2024-07-01,3.88
GX - COCO - 3. NCR,Q-2024-07-01,3.89
GX - COCO - 4. Mumbai,Q-2024-07-01,3.9
GX - COCO - 5. Pune,Q-2024-07-01,3.88
GX - COCO - 6. Chennai,Q-2024-07-01,3.92
GX - COCO - 7. Others,Q-2024-07-01,3.91
GX - FOFO - 1. Bangalore,Q-2024-07-01,3.87
GX - FOFO - 2. Hyderabad,Q-2024-07-01,3.9
GX - FOFO - 3. NCR,Q-2024-07-01,3.89
GX - FOFO - 4. Mumbai,Q-2024-07-01,3.86
GX - FOFO - 5. Pune,Q-2024-07-01,3.92
GX - FOFO - 6. Chennai,Q-2024-07-01,3.91
GX - FOFO - 7. Others,Q-2024-07-01,3.9
GYM - COCO - 1. Bangalore,Q-2024-07-01,3.65
GYM - COCO - 2. Hyderabad,Q-2024-07-01,3.68
GYM - COCO - 3. NCR,Q-2024-07-01,3.61
GYM - COCO - 4. Mumbai,Q-2024-07-01,3.76
GYM - COCO - 5. Pune,Q-2024-07-01,3.51
GYM - COCO - 7. Others,Q-2024-07-01,3.81
GYM - FOFO - 1. Bangalore,Q-2024-07-01,3.61
GYM - FOFO - 2. Hyderabad,Q-2024-07-01,3.57
GYM - FOFO - 3. NCR,Q-2024-07-01,3.61
GYM - FOFO - 4. Mumbai,Q-2024-07-01,3.76
GYM - FOFO - 7. Others,Q-2024-07-01,3.66
GYM - MARKETPLACE - 1. Bangalore,Q-2024-07-01,3.59
GYM - MARKETPLACE - 2. Hyderabad,Q-2024-07-01,3.61
GYM - MARKETPLACE - 3. NCR,Q-2024-07-01,3.6
GYM - MARKETPLACE - 4. Mumbai,Q-2024-07-01,3.72
GYM - MARKETPLACE - 5. Pune,Q-2024-07-01,3.67
GYM - MARKETPLACE - 6. Chennai,Q-2024-07-01,3.55
GYM - MARKETPLACE - 7. Others,Q-2024-07-01,3.61
SPORTS - COCO - 1. Bangalore,Q-2024-07-01,3.67
SPORTS - COCO - 2. Hyderabad,Q-2024-07-01,3.72
SPORTS - COCO - 3. NCR,Q-2024-07-01,3.66
SPORTS - MARKETPLACE - 1. Bangalore,Q-2024-07-01,3.63
GX - COCO - 1. Bangalore,Q-2024-10-01,3.85
GX - COCO - 2. Hyderabad,Q-2024-10-01,3.88
GX - COCO - 3. NCR,Q-2024-10-01,3.89
GX - COCO - 4. Mumbai,Q-2024-10-01,3.89
GX - COCO - 5. Pune,Q-2024-10-01,3.86
GX - COCO - 6. Chennai,Q-2024-10-01,3.9
GX - COCO - 7. Others,Q-2024-10-01,3.89
GX - FOFO - 1. Bangalore,Q-2024-10-01,3.85
GX - FOFO - 2. Hyderabad,Q-2024-10-01,3.89
GX - FOFO - 3. NCR,Q-2024-10-01,3.9
GX - FOFO - 4. Mumbai,Q-2024-10-01,3.87
GX - FOFO - 5. Pune,Q-2024-10-01,3.92
GX - FOFO - 6. Chennai,Q-2024-10-01,3.9
GX - FOFO - 7. Others,Q-2024-10-01,3.89
GYM - COCO - 1. Bangalore,Q-2024-10-01,3.65
GYM - COCO - 2. Hyderabad,Q-2024-10-01,3.65
GYM - COCO - 3. NCR,Q-2024-10-01,3.67
GYM - COCO - 4. Mumbai,Q-2024-10-01,3.73
GYM - COCO - 5. Pune,Q-2024-10-01,3.62
GYM - COCO - 6. Chennai,Q-2024-10-01,3.8
GYM - COCO - 7. Others,Q-2024-10-01,3.78
GYM - FOFO - 1. Bangalore,Q-2024-10-01,3.64
GYM - FOFO - 2. Hyderabad,Q-2024-10-01,3.58
GYM - FOFO - 3. NCR,Q-2024-10-01,3.64
GYM - FOFO - 4. Mumbai,Q-2024-10-01,3.75
GYM - FOFO - 7. Others,Q-2024-10-01,3.65
GYM - MARKETPLACE - 1. Bangalore,Q-2024-10-01,3.57
GYM - MARKETPLACE - 2. Hyderabad,Q-2024-10-01,3.57
GYM - MARKETPLACE - 3. NCR,Q-2024-10-01,3.58
GYM - MARKETPLACE - 4. Mumbai,Q-2024-10-01,3.7
GYM - MARKETPLACE - 5. Pune,Q-2024-10-01,3.66
GYM - MARKETPLACE - 6. Chennai,Q-2024-10-01,3.73
GYM - MARKETPLACE - 7. Others,Q-2024-10-01,3.61
SPORTS - COCO - 1. Bangalore,Q-2024-10-01,3.65
SPORTS - COCO - 2. Hyderabad,Q-2024-10-01,3.65
SPORTS - COCO - 3. NCR,Q-2024-10-01,3.63
SPORTS - MARKETPLACE - 1. Bangalore,Q-2024-10-01,3.66
GX - COCO - 1. Bangalore,Q-2025-01-01,3.83
GX - COCO - 2. Hyderabad,Q-2025-01-01,3.85
GX - COCO - 3. NCR,Q-2025-01-01,3.88
GX - COCO - 4. Mumbai,Q-2025-01-01,3.88
GX - COCO - 5. Pune,Q-2025-01-01,3.85
GX - COCO - 6. Chennai,Q-2025-01-01,3.87
GX - COCO - 7. Others,Q-2025-01-01,3.88
GX - FOFO - 1. Bangalore,Q-2025-01-01,3.82
GX - FOFO - 2. Hyderabad,Q-2025-01-01,3.86
GX - FOFO - 3. NCR,Q-2025-01-01,3.88
GX - FOFO - 4. Mumbai,Q-2025-01-01,3.84
GX - FOFO - 5. Pune,Q-2025-01-01,3.89
GX - FOFO - 6. Chennai,Q-2025-01-01,3.88
GX - FOFO - 7. Others,Q-2025-01-01,3.87
GYM - COCO - 1. Bangalore,Q-2025-01-01,3.59
GYM - COCO - 2. Hyderabad,Q-2025-01-01,3.58
GYM - COCO - 3. NCR,Q-2025-01-01,3.62
GYM - COCO - 4. Mumbai,Q-2025-01-01,3.72
GYM - COCO - 5. Pune,Q-2025-01-01,3.55
GYM - COCO - 6. Chennai,Q-2025-01-01,3.8
GYM - COCO - 7. Others,Q-2025-01-01,3.75
GYM - FOFO - 1. Bangalore,Q-2025-01-01,3.56
GYM - FOFO - 2. Hyderabad,Q-2025-01-01,3.57
GYM - FOFO - 3. NCR,Q-2025-01-01,3.59
GYM - FOFO - 4. Mumbai,Q-2025-01-01,3.71
GYM - FOFO - 7. Others,Q-2025-01-01,3.63
GYM - MARKETPLACE - 1. Bangalore,Q-2025-01-01,3.51
GYM - MARKETPLACE - 2. Hyderabad,Q-2025-01-01,3.5
GYM - MARKETPLACE - 3. NCR,Q-2025-01-01,3.56
GYM - MARKETPLACE - 4. Mumbai,Q-2025-01-01,3.67
GYM - MARKETPLACE - 5. Pune,Q-2025-01-01,3.56
GYM - MARKETPLACE - 6. Chennai,Q-2025-01-01,3.66
GYM - MARKETPLACE - 7. Others,Q-2025-01-01,3.57
SPORTS - COCO - 1. Bangalore,Q-2025-01-01,3.63
SPORTS - COCO - 2. Hyderabad,Q-2025-01-01,3.68
SPORTS - COCO - 3. NCR,Q-2025-01-01,3.66
SPORTS - MARKETPLACE - 1. Bangalore,Q-2025-01-01,3.63
GX - COCO - 1. Bangalore,Q-2025-04-01,3.83
GX - COCO - 2. Hyderabad,Q-2025-04-01,3.85
GX - COCO - 3. NCR,Q-2025-04-01,3.87
GX - COCO - 4. Mumbai,Q-2025-04-01,3.87
GX - COCO - 5. Pune,Q-2025-04-01,3.85
GX - COCO - 6. Chennai,Q-2025-04-01,3.89
GX - COCO - 7. Others,Q-2025-04-01,3.9
GX - FOFO - 1. Bangalore,Q-2025-04-01,3.82
GX - FOFO - 2. Hyderabad,Q-2025-04-01,3.85
GX - FOFO - 3. NCR,Q-2025-04-01,3.88
GX - FOFO - 4. Mumbai,Q-2025-04-01,3.82
GX - FOFO - 5. Pune,Q-2025-04-01,3.88
GX - FOFO - 6. Chennai,Q-2025-04-01,3.89
GX - FOFO - 7. Others,Q-2025-04-01,3.87
GYM - COCO - 1. Bangalore,Q-2025-04-01,3.57
GYM - COCO - 2. Hyderabad,Q-2025-04-01,3.57
GYM - COCO - 3. NCR,Q-2025-04-01,3.61
GYM - COCO - 4. Mumbai,Q-2025-04-01,3.7
GYM - COCO - 5. Pune,Q-2025-04-01,3.58
GYM - COCO - 6. Chennai,Q-2025-04-01,3.78
GYM - COCO - 7. Others,Q-2025-04-01,3.77
GYM - FOFO - 1. Bangalore,Q-2025-04-01,3.56
GYM - FOFO - 2. Hyderabad,Q-2025-04-01,3.59
GYM - FOFO - 3. NCR,Q-2025-04-01,3.54
GYM - FOFO - 4. Mumbai,Q-2025-04-01,3.74
GYM - FOFO - 7. Others,Q-2025-04-01,3.61
GYM - MARKETPLACE - 1. Bangalore,Q-2025-04-01,3.49
GYM - MARKETPLACE - 2. Hyderabad,Q-2025-04-01,3.44
GYM - MARKETPLACE - 3. NCR,Q-2025-04-01,3.5
GYM - MARKETPLACE - 4. Mumbai,Q-2025-04-01,3.65
GYM - MARKETPLACE - 5. Pune,Q-2025-04-01,3.57
GYM - MARKETPLACE - 6. Chennai,Q-2025-04-01,3.62
GYM - MARKETPLACE - 7. Others,Q-2025-04-01,3.6
SPORTS - COCO - 1. Bangalore,Q-2025-04-01,3.62
SPORTS - COCO - 2. Hyderabad,Q-2025-04-01,3.67
SPORTS - COCO - 3. NCR,Q-2025-04-01,3.59
SPORTS - MARKETPLACE - 1. Bangalore,Q-2025-04-01,3.57
GX - COCO - 1. Bangalore,Q-2025-07-01,3.84
GX - COCO - 2. Hyderabad,Q-2025-07-01,3.86
GX - COCO - 3. NCR,Q-2025-07-01,3.88
GX - COCO - 4. Mumbai,Q-2025-07-01,3.88
GX - COCO - 5. Pune,Q-2025-07-01,3.84
GX - COCO - 6. Chennai,Q-2025-07-01,3.87
GX - COCO - 7. Others,Q-2025-07-01,3.92
GX - FOFO - 1. Bangalore,Q-2025-07-01,3.84
GX - FOFO - 2. Hyderabad,Q-2025-07-01,3.85
GX - FOFO - 3. NCR,Q-2025-07-01,3.89
GX - FOFO - 4. Mumbai,Q-2025-07-01,3.86
GX - FOFO - 5. Pune,Q-2025-07-01,3.91
GX - FOFO - 6. Chennai,Q-2025-07-01,3.91
GX - FOFO - 7. Others,Q-2025-07-01,3.88
GYM - COCO - 1. Bangalore,Q-2025-07-01,3.59
GYM - COCO - 2. Hyderabad,Q-2025-07-01,3.58
GYM - COCO - 3. NCR,Q-2025-07-01,3.6
GYM - COCO - 4. Mumbai,Q-2025-07-01,3.68
GYM - COCO - 5. Pune,Q-2025-07-01,3.55
GYM - COCO - 6. Chennai,Q-2025-07-01,3.77
GYM - COCO - 7. Others,Q-2025-07-01,3.75
GYM - FOFO - 1. Bangalore,Q-2025-07-01,3.58
GYM - FOFO - 2. Hyderabad,Q-2025-07-01,3.61
GYM - FOFO - 3. NCR,Q-2025-07-01,3.54
GYM - FOFO - 4. Mumbai,Q-2025-07-01,3.79
GYM - FOFO - 5. Pune,Q-2025-07-01,3.67
GYM - FOFO - 7. Others,Q-2025-07-01,3.65
GYM - MARKETPLACE - 1. Bangalore,Q-2025-07-01,3.49
GYM - MARKETPLACE - 2. Hyderabad,Q-2025-07-01,3.43
GYM - MARKETPLACE - 3. NCR,Q-2025-07-01,3.51
GYM - MARKETPLACE - 4. Mumbai,Q-2025-07-01,3.7
GYM - MARKETPLACE - 5. Pune,Q-2025-07-01,3.57
GYM - MARKETPLACE - 6. Chennai,Q-2025-07-01,3.6
GYM - MARKETPLACE - 7. Others,Q-2025-07-01,3.65
SPORTS - COCO - 1. Bangalore,Q-2025-07-01,3.64
SPORTS - COCO - 2. Hyderabad,Q-2025-07-01,3.72
SPORTS - COCO - 3. NCR,Q-2025-07-01,3.59
SPORTS - MARKETPLACE - 1. Bangalore,Q-2025-07-01,3.6
GX - COCO - 1. Bangalore,Q-2025-10-01,3.84
GX - COCO - 2. Hyderabad,Q-2025-10-01,3.86
GX - COCO - 3. NCR,Q-2025-10-01,3.88
GX - COCO - 4. Mumbai,Q-2025-10-01,3.88
GX - COCO - 5. Pune,Q-2025-10-01,3.86
GX - COCO - 6. Chennai,Q-2025-10-01,3.87
GX - COCO - 7. Others,Q-2025-10-01,3.9
GX - FOFO - 1. Bangalore,Q-2025-10-01,3.83
GX - FOFO - 2. Hyderabad,Q-2025-10-01,3.86
GX - FOFO - 3. NCR,Q-2025-10-01,3.89
GX - FOFO - 4. Mumbai,Q-2025-10-01,3.91
GX - FOFO - 6. Chennai,Q-2025-10-01,3.91
GX - FOFO - 7. Others,Q-2025-10-01,3.88
GYM - COCO - 1. Bangalore,Q-2025-10-01,3.59
GYM - COCO - 2. Hyderabad,Q-2025-10-01,3.61
GYM - COCO - 3. NCR,Q-2025-10-01,3.62
GYM - COCO - 4. Mumbai,Q-2025-10-01,3.69
GYM - COCO - 5. Pune,Q-2025-10-01,3.7
GYM - COCO - 6. Chennai,Q-2025-10-01,3.79
GYM - COCO - 7. Others,Q-2025-10-01,3.72
GYM - FOFO - 1. Bangalore,Q-2025-10-01,3.6
GYM - FOFO - 2. Hyderabad,Q-2025-10-01,3.62
GYM - FOFO - 3. NCR,Q-2025-10-01,3.62
GYM - FOFO - 4. Mumbai,Q-2025-10-01,3.78
GYM - FOFO - 5. Pune,Q-2025-10-01,3.56
GYM - FOFO - 7. Others,Q-2025-10-01,3.67
GYM - MARKETPLACE - 1. Bangalore,Q-2025-10-01,3.52
GYM - MARKETPLACE - 2. Hyderabad,Q-2025-10-01,3.46
GYM - MARKETPLACE - 3. NCR,Q-2025-10-01,3.58
GYM - MARKETPLACE - 4. Mumbai,Q-2025-10-01,3.68
GYM - MARKETPLACE - 5. Pune,Q-2025-10-01,3.56
GYM - MARKETPLACE - 6. Chennai,Q-2025-10-01,3.46
GYM - MARKETPLACE - 7. Others,Q-2025-10-01,3.65
SPORTS - COCO - 1. Bangalore,Q-2025-10-01,3.63
SPORTS - COCO - 2. Hyderabad,Q-2025-10-01,3.75
SPORTS - COCO - 3. NCR,Q-2025-10-01,3.66
SPORTS - MARKETPLACE - 1. Bangalore,Q-2025-10-01,3.61
GX - COCO - 1. Bangalore,Q-2026-01-01,3.85
GX - COCO - 2. Hyderabad,Q-2026-01-01,3.87
GX - COCO - 3. NCR,Q-2026-01-01,3.88
GX - COCO - 4. Mumbai,Q-2026-01-01,3.88
GX - COCO - 5. Pune,Q-2026-01-01,3.87
GX - COCO - 6. Chennai,Q-2026-01-01,3.87
GX - COCO - 7. Others,Q-2026-01-01,3.91
GX - FOFO - 1. Bangalore,Q-2026-01-01,3.84
GX - FOFO - 2. Hyderabad,Q-2026-01-01,3.86
GX - FOFO - 3. NCR,Q-2026-01-01,3.89
GX - FOFO - 4. Mumbai,Q-2026-01-01,3.9
GX - FOFO - 5. Pune,Q-2026-01-01,3.84
GX - FOFO - 6. Chennai,Q-2026-01-01,3.9
GX - FOFO - 7. Others,Q-2026-01-01,3.88
GYM - COCO - 1. Bangalore,Q-2026-01-01,3.58
GYM - COCO - 2. Hyderabad,Q-2026-01-01,3.6
GYM - COCO - 3. NCR,Q-2026-01-01,3.63
GYM - COCO - 4. Mumbai,Q-2026-01-01,3.72
GYM - COCO - 5. Pune,Q-2026-01-01,3.69
GYM - COCO - 6. Chennai,Q-2026-01-01,3.77
GYM - COCO - 7. Others,Q-2026-01-01,3.71
GYM - FOFO - 1. Bangalore,Q-2026-01-01,3.58
GYM - FOFO - 2. Hyderabad,Q-2026-01-01,3.62
GYM - FOFO - 3. NCR,Q-2026-01-01,3.62
GYM - FOFO - 4. Mumbai,Q-2026-01-01,3.8
GYM - FOFO - 5. Pune,Q-2026-01-01,3.6
GYM - FOFO - 7. Others,Q-2026-01-01,3.68
GYM - MARKETPLACE - 1. Bangalore,Q-2026-01-01,3.5
GYM - MARKETPLACE - 2. Hyderabad,Q-2026-01-01,3.45
GYM - MARKETPLACE - 3. NCR,Q-2026-01-01,3.61
GYM - MARKETPLACE - 4. Mumbai,Q-2026-01-01,3.68
GYM - MARKETPLACE - 5. Pune,Q-2026-01-01,3.58
GYM - MARKETPLACE - 6. Chennai,Q-2026-01-01,3.78
GYM - MARKETPLACE - 7. Others,Q-2026-01-01,3.66
SPORTS - COCO - 1. Bangalore,Q-2026-01-01,3.65
SPORTS - COCO - 2. Hyderabad,Q-2026-01-01,3.74
SPORTS - COCO - 3. NCR,Q-2026-01-01,3.66
SPORTS - MARKETPLACE - 1. Bangalore,Q-2026-01-01,3.55
GX - COCO - 1. Bangalore,M-2023-04-01,3.86
GX - COCO - 2. Hyderabad,M-2023-04-01,3.88
GX - COCO - 3. NCR,M-2023-04-01,3.89
GX - COCO - 4. Mumbai,M-2023-04-01,3.89
GX - COCO - 5. Pune,M-2023-04-01,3.88
GX - COCO - 6. Chennai,M-2023-04-01,3.92
GX - COCO - 7. Others,M-2023-04-01,3.91
GX - FOFO - 1. Bangalore,M-2023-04-01,3.85
GX - FOFO - 2. Hyderabad,M-2023-04-01,3.86
GX - FOFO - 3. NCR,M-2023-04-01,3.84
GX - FOFO - 4. Mumbai,M-2023-04-01,3.85
GX - FOFO - 6. Chennai,M-2023-04-01,3.89
GX - FOFO - 7. Others,M-2023-04-01,3.88
GYM - COCO - 1. Bangalore,M-2023-04-01,3.57
GYM - COCO - 2. Hyderabad,M-2023-04-01,3.58
GYM - COCO - 3. NCR,M-2023-04-01,3.62
GYM - COCO - 4. Mumbai,M-2023-04-01,3.61
GYM - COCO - 5. Pune,M-2023-04-01,3.46
GYM - FOFO - 1. Bangalore,M-2023-04-01,3.6
GYM - FOFO - 2. Hyderabad,M-2023-04-01,3.67
GYM - FOFO - 3. NCR,M-2023-04-01,3.62
GYM - FOFO - 4. Mumbai,M-2023-04-01,3.66
GYM - FOFO - 7. Others,M-2023-04-01,3.68
GYM - MARKETPLACE - 1. Bangalore,M-2023-04-01,3.6
GYM - MARKETPLACE - 2. Hyderabad,M-2023-04-01,3.65
GYM - MARKETPLACE - 3. NCR,M-2023-04-01,3.67
GYM - MARKETPLACE - 4. Mumbai,M-2023-04-01,3.69
GYM - MARKETPLACE - 5. Pune,M-2023-04-01,3.65
GYM - MARKETPLACE - 6. Chennai,M-2023-04-01,3.71
GYM - MARKETPLACE - 7. Others,M-2023-04-01,3.61
SPORTS - COCO - 1. Bangalore,M-2023-04-01,3.7
SPORTS - COCO - 2. Hyderabad,M-2023-04-01,3.66
SPORTS - COCO - 3. NCR,M-2023-04-01,3.71
SPORTS - FOFO - 3. NCR,M-2023-04-01,3.86
SPORTS - MARKETPLACE - 1. Bangalore,M-2023-04-01,3.78
SPORTS - MARKETPLACE - 2. Hyderabad,M-2023-04-01,3.61
SPORTS - MARKETPLACE - 3. NCR,M-2023-04-01,3.66
GX - COCO - 1. Bangalore,M-2023-05-01,3.86
GX - COCO - 2. Hyderabad,M-2023-05-01,3.88
GX - COCO - 3. NCR,M-2023-05-01,3.89
GX - COCO - 4. Mumbai,M-2023-05-01,3.89
GX - COCO - 5. Pune,M-2023-05-01,3.87
GX - COCO - 6. Chennai,M-2023-05-01,3.91
GX - COCO - 7. Others,M-2023-05-01,3.9
GX - FOFO - 1. Bangalore,M-2023-05-01,3.85
GX - FOFO - 2. Hyderabad,M-2023-05-01,3.88
GX - FOFO - 3. NCR,M-2023-05-01,3.87
GX - FOFO - 4. Mumbai,M-2023-05-01,3.88
GX - FOFO - 6. Chennai,M-2023-05-01,3.89
GX - FOFO - 7. Others,M-2023-05-01,3.88
GYM - COCO - 1. Bangalore,M-2023-05-01,3.57
GYM - COCO - 2. Hyderabad,M-2023-05-01,3.59
GYM - COCO - 3. NCR,M-2023-05-01,3.64
GYM - COCO - 4. Mumbai,M-2023-05-01,3.62
GYM - COCO - 5. Pune,M-2023-05-01,3.47
GYM - FOFO - 1. Bangalore,M-2023-05-01,3.61
GYM - FOFO - 2. Hyderabad,M-2023-05-01,3.64
GYM - FOFO - 3. NCR,M-2023-05-01,3.63
GYM - FOFO - 4. Mumbai,M-2023-05-01,3.74
GYM - FOFO - 7. Others,M-2023-05-01,3.64
GYM - MARKETPLACE - 1. Bangalore,M-2023-05-01,3.59
GYM - MARKETPLACE - 2. Hyderabad,M-2023-05-01,3.65
GYM - MARKETPLACE - 3. NCR,M-2023-05-01,3.67
GYM - MARKETPLACE - 4. Mumbai,M-2023-05-01,3.69
GYM - MARKETPLACE - 5. Pune,M-2023-05-01,3.66
GYM - MARKETPLACE - 6. Chennai,M-2023-05-01,3.69
GYM - MARKETPLACE - 7. Others,M-2023-05-01,3.6
SPORTS - COCO - 1. Bangalore,M-2023-05-01,3.75
SPORTS - COCO - 2. Hyderabad,M-2023-05-01,3.67
SPORTS - COCO - 3. NCR,M-2023-05-01,3.69
SPORTS - FOFO - 3. NCR,M-2023-05-01,3.78
SPORTS - MARKETPLACE - 1. Bangalore,M-2023-05-01,3.83
SPORTS - MARKETPLACE - 2. Hyderabad,M-2023-05-01,3.71
SPORTS - MARKETPLACE - 3. NCR,M-2023-05-01,3.64
GX - COCO - 1. Bangalore,M-2023-06-01,3.86
GX - COCO - 2. Hyderabad,M-2023-06-01,3.88
GX - COCO - 3. NCR,M-2023-06-01,3.88
GX - COCO - 4. Mumbai,M-2023-06-01,3.89
GX - COCO - 5. Pune,M-2023-06-01,3.88
GX - COCO - 6. Chennai,M-2023-06-01,3.92
GX - COCO - 7. Others,M-2023-06-01,3.89
GX - FOFO - 1. Bangalore,M-2023-06-01,3.84
GX - FOFO - 2. Hyderabad,M-2023-06-01,3.88
GX - FOFO - 3. NCR,M-2023-06-01,3.83
GX - FOFO - 4. Mumbai,M-2023-06-01,3.85
GX - FOFO - 6. Chennai,M-2023-06-01,3.89
GX - FOFO - 7. Others,M-2023-06-01,3.88
GYM - COCO - 1. Bangalore,M-2023-06-01,3.56
GYM - COCO - 2. Hyderabad,M-2023-06-01,3.6
GYM - COCO - 3. NCR,M-2023-06-01,3.61
GYM - COCO - 4. Mumbai,M-2023-06-01,3.62
GYM - COCO - 5. Pune,M-2023-06-01,3.49
GYM - FOFO - 1. Bangalore,M-2023-06-01,3.62
GYM - FOFO - 2. Hyderabad,M-2023-06-01,3.65
GYM - FOFO - 3. NCR,M-2023-06-01,3.64
GYM - FOFO - 4. Mumbai,M-2023-06-01,3.75
GYM - FOFO - 7. Others,M-2023-06-01,3.65
GYM - MARKETPLACE - 1. Bangalore,M-2023-06-01,3.6
GYM - MARKETPLACE - 2. Hyderabad,M-2023-06-01,3.65
GYM - MARKETPLACE - 3. NCR,M-2023-06-01,3.66
GYM - MARKETPLACE - 4. Mumbai,M-2023-06-01,3.67
GYM - MARKETPLACE - 5. Pune,M-2023-06-01,3.68
GYM - MARKETPLACE - 6. Chennai,M-2023-06-01,3.54
GYM - MARKETPLACE - 7. Others,M-2023-06-01,3.58
SPORTS - COCO - 1. Bangalore,M-2023-06-01,3.73
SPORTS - COCO - 2. Hyderabad,M-2023-06-01,3.68
SPORTS - COCO - 3. NCR,M-2023-06-01,3.62
SPORTS - FOFO - 3. NCR,M-2023-06-01,3.68
SPORTS - MARKETPLACE - 1. Bangalore,M-2023-06-01,3.89
SPORTS - MARKETPLACE - 2. Hyderabad,M-2023-06-01,3.63
GX - COCO - 1. Bangalore,M-2023-07-01,3.86
GX - COCO - 2. Hyderabad,M-2023-07-01,3.88
GX - COCO - 3. NCR,M-2023-07-01,3.88
GX - COCO - 4. Mumbai,M-2023-07-01,3.89
GX - COCO - 5. Pune,M-2023-07-01,3.88
GX - COCO - 6. Chennai,M-2023-07-01,3.91
GX - COCO - 7. Others,M-2023-07-01,3.91
GX - FOFO - 1. Bangalore,M-2023-07-01,3.83
GX - FOFO - 2. Hyderabad,M-2023-07-01,3.84
GX - FOFO - 3. NCR,M-2023-07-01,3.82
GX - FOFO - 4. Mumbai,M-2023-07-01,3.88
GX - FOFO - 6. Chennai,M-2023-07-01,3.9
GX - FOFO - 7. Others,M-2023-07-01,3.87
GYM - COCO - 1. Bangalore,M-2023-07-01,3.64
GYM - COCO - 2. Hyderabad,M-2023-07-01,3.67
GYM - COCO - 3. NCR,M-2023-07-01,3.65
GYM - COCO - 4. Mumbai,M-2023-07-01,3.69
GYM - COCO - 5. Pune,M-2023-07-01,3.5
GYM - FOFO - 1. Bangalore,M-2023-07-01,3.66
GYM - FOFO - 2. Hyderabad,M-2023-07-01,3.73
GYM - FOFO - 3. NCR,M-2023-07-01,3.64
GYM - FOFO - 4. Mumbai,M-2023-07-01,3.74
GYM - FOFO - 7. Others,M-2023-07-01,3.65
GYM - MARKETPLACE - 1. Bangalore,M-2023-07-01,3.65
GYM - MARKETPLACE - 2. Hyderabad,M-2023-07-01,3.71
GYM - MARKETPLACE - 3. NCR,M-2023-07-01,3.66
GYM - MARKETPLACE - 4. Mumbai,M-2023-07-01,3.71
GYM - MARKETPLACE - 5. Pune,M-2023-07-01,3.69
GYM - MARKETPLACE - 7. Others,M-2023-07-01,3.64
SPORTS - COCO - 1. Bangalore,M-2023-07-01,3.7
SPORTS - COCO - 2. Hyderabad,M-2023-07-01,3.71
SPORTS - COCO - 3. NCR,M-2023-07-01,3.6
SPORTS - FOFO - 3. NCR,M-2023-07-01,3.67
SPORTS - MARKETPLACE - 1. Bangalore,M-2023-07-01,3.91
SPORTS - MARKETPLACE - 2. Hyderabad,M-2023-07-01,
GX - COCO - 1. Bangalore,M-2023-08-01,3.86
GX - COCO - 2. Hyderabad,M-2023-08-01,3.88
GX - COCO - 3. NCR,M-2023-08-01,3.88
GX - COCO - 4. Mumbai,M-2023-08-01,3.9
GX - COCO - 5. Pune,M-2023-08-01,3.89
GX - COCO - 6. Chennai,M-2023-08-01,3.92
GX - COCO - 7. Others,M-2023-08-01,3.91
GX - FOFO - 1. Bangalore,M-2023-08-01,3.83
GX - FOFO - 2. Hyderabad,M-2023-08-01,3.86
GX - FOFO - 3. NCR,M-2023-08-01,3.78
GX - FOFO - 4. Mumbai,M-2023-08-01,3.85
GX - FOFO - 6. Chennai,M-2023-08-01,3.91
GX - FOFO - 7. Others,M-2023-08-01,3.88
GYM - COCO - 1. Bangalore,M-2023-08-01,3.59
GYM - COCO - 2. Hyderabad,M-2023-08-01,3.62
GYM - COCO - 3. NCR,M-2023-08-01,3.63
GYM - COCO - 4. Mumbai,M-2023-08-01,3.68
GYM - COCO - 5. Pune,M-2023-08-01,3.5
GYM - FOFO - 1. Bangalore,M-2023-08-01,3.64
GYM - FOFO - 2. Hyderabad,M-2023-08-01,3.66
GYM - FOFO - 3. NCR,M-2023-08-01,3.65
GYM - FOFO - 4. Mumbai,M-2023-08-01,3.75
GYM - FOFO - 7. Others,M-2023-08-01,3.62
GYM - MARKETPLACE - 1. Bangalore,M-2023-08-01,3.6
GYM - MARKETPLACE - 2. Hyderabad,M-2023-08-01,3.66
GYM - MARKETPLACE - 3. NCR,M-2023-08-01,3.65
GYM - MARKETPLACE - 4. Mumbai,M-2023-08-01,3.69
GYM - MARKETPLACE - 5. Pune,M-2023-08-01,3.67
GYM - MARKETPLACE - 7. Others,M-2023-08-01,3.62
SPORTS - COCO - 1. Bangalore,M-2023-08-01,3.71
SPORTS - COCO - 2. Hyderabad,M-2023-08-01,3.75
SPORTS - COCO - 3. NCR,M-2023-08-01,3.62
SPORTS - FOFO - 3. NCR,M-2023-08-01,3.77
SPORTS - MARKETPLACE - 1. Bangalore,M-2023-08-01,3.82
GX - COCO - 1. Bangalore,M-2023-09-01,3.86
GX - COCO - 2. Hyderabad,M-2023-09-01,3.89
GX - COCO - 3. NCR,M-2023-09-01,3.89
GX - COCO - 4. Mumbai,M-2023-09-01,3.9
GX - COCO - 5. Pune,M-2023-09-01,3.89
GX - COCO - 6. Chennai,M-2023-09-01,3.92
GX - COCO - 7. Others,M-2023-09-01,3.9
GX - FOFO - 1. Bangalore,M-2023-09-01,3.82
GX - FOFO - 2. Hyderabad,M-2023-09-01,3.88
GX - FOFO - 3. NCR,M-2023-09-01,3.86
GX - FOFO - 4. Mumbai,M-2023-09-01,3.83
GX - FOFO - 6. Chennai,M-2023-09-01,3.92
GX - FOFO - 7. Others,M-2023-09-01,3.89
GYM - COCO - 1. Bangalore,M-2023-09-01,3.63
GYM - COCO - 2. Hyderabad,M-2023-09-01,3.63
GYM - COCO - 3. NCR,M-2023-09-01,3.66
GYM - COCO - 4. Mumbai,M-2023-09-01,3.69
GYM - COCO - 5. Pune,M-2023-09-01,3.49
GYM - FOFO - 1. Bangalore,M-2023-09-01,3.65
GYM - FOFO - 2. Hyderabad,M-2023-09-01,3.65
GYM - FOFO - 3. NCR,M-2023-09-01,3.64
GYM - FOFO - 4. Mumbai,M-2023-09-01,3.81
GYM - FOFO - 7. Others,M-2023-09-01,3.61
GYM - MARKETPLACE - 1. Bangalore,M-2023-09-01,3.61
GYM - MARKETPLACE - 2. Hyderabad,M-2023-09-01,3.66
GYM - MARKETPLACE - 3. NCR,M-2023-09-01,3.66
GYM - MARKETPLACE - 4. Mumbai,M-2023-09-01,3.72
GYM - MARKETPLACE - 5. Pune,M-2023-09-01,3.66
GYM - MARKETPLACE - 7. Others,M-2023-09-01,3.6
SPORTS - COCO - 1. Bangalore,M-2023-09-01,3.71
SPORTS - COCO - 2. Hyderabad,M-2023-09-01,3.72
SPORTS - COCO - 3. NCR,M-2023-09-01,3.65
SPORTS - FOFO - 3. NCR,M-2023-09-01,3.85
SPORTS - MARKETPLACE - 1. Bangalore,M-2023-09-01,3.8
GX - COCO - 1. Bangalore,M-2023-10-01,3.87
GX - COCO - 2. Hyderabad,M-2023-10-01,3.89
GX - COCO - 3. NCR,M-2023-10-01,3.89
GX - COCO - 4. Mumbai,M-2023-10-01,3.89
GX - COCO - 5. Pune,M-2023-10-01,3.88
GX - COCO - 6. Chennai,M-2023-10-01,3.94
GX - COCO - 7. Others,M-2023-10-01,3.93
GX - FOFO - 1. Bangalore,M-2023-10-01,3.84
GX - FOFO - 2. Hyderabad,M-2023-10-01,3.9
GX - FOFO - 3. NCR,M-2023-10-01,3.88
GX - FOFO - 4. Mumbai,M-2023-10-01,3.79
GX - FOFO - 6. Chennai,M-2023-10-01,3.91
GX - FOFO - 7. Others,M-2023-10-01,3.89
GYM - COCO - 1. Bangalore,M-2023-10-01,3.63
GYM - COCO - 2. Hyderabad,M-2023-10-01,3.64
GYM - COCO - 3. NCR,M-2023-10-01,3.64
GYM - COCO - 4. Mumbai,M-2023-10-01,3.69
GYM - COCO - 5. Pune,M-2023-10-01,3.35
GYM - FOFO - 1. Bangalore,M-2023-10-01,3.66
GYM - FOFO - 2. Hyderabad,M-2023-10-01,3.64
GYM - FOFO - 3. NCR,M-2023-10-01,3.62
GYM - FOFO - 4. Mumbai,M-2023-10-01,3.75
GYM - FOFO - 7. Others,M-2023-10-01,3.64
GYM - MARKETPLACE - 1. Bangalore,M-2023-10-01,3.62
GYM - MARKETPLACE - 2. Hyderabad,M-2023-10-01,3.66
GYM - MARKETPLACE - 3. NCR,M-2023-10-01,3.69
GYM - MARKETPLACE - 4. Mumbai,M-2023-10-01,3.73
GYM - MARKETPLACE - 5. Pune,M-2023-10-01,3.68
GYM - MARKETPLACE - 7. Others,M-2023-10-01,3.64
SPORTS - COCO - 1. Bangalore,M-2023-10-01,3.71
SPORTS - COCO - 2. Hyderabad,M-2023-10-01,3.71
SPORTS - COCO - 3. NCR,M-2023-10-01,3.7
SPORTS - FOFO - 3. NCR,M-2023-10-01,3.73
SPORTS - MARKETPLACE - 1. Bangalore,M-2023-10-01,3.81
GX - COCO - 1. Bangalore,M-2023-11-01,3.87
GX - COCO - 2. Hyderabad,M-2023-11-01,3.88
GX - COCO - 3. NCR,M-2023-11-01,3.89
GX - COCO - 4. Mumbai,M-2023-11-01,3.9
GX - COCO - 5. Pune,M-2023-11-01,3.88
GX - COCO - 6. Chennai,M-2023-11-01,3.93
GX - COCO - 7. Others,M-2023-11-01,3.93
GX - FOFO - 1. Bangalore,M-2023-11-01,3.86
GX - FOFO - 2. Hyderabad,M-2023-11-01,3.89
GX - FOFO - 3. NCR,M-2023-11-01,3.84
GX - FOFO - 4. Mumbai,M-2023-11-01,3.93
GX - FOFO - 6. Chennai,M-2023-11-01,3.92
GX - FOFO - 7. Others,M-2023-11-01,3.89
GYM - COCO - 1. Bangalore,M-2023-11-01,3.66
GYM - COCO - 2. Hyderabad,M-2023-11-01,3.65
GYM - COCO - 3. NCR,M-2023-11-01,3.63
GYM - COCO - 4. Mumbai,M-2023-11-01,3.73
GYM - COCO - 5. Pune,M-2023-11-01,3.49
GYM - COCO - 7. Others,M-2023-11-01,3.78
GYM - FOFO - 1. Bangalore,M-2023-11-01,3.66
GYM - FOFO - 2. Hyderabad,M-2023-11-01,3.65
GYM - FOFO - 3. NCR,M-2023-11-01,3.65
GYM - FOFO - 4. Mumbai,M-2023-11-01,3.71
GYM - FOFO - 7. Others,M-2023-11-01,3.66
GYM - MARKETPLACE - 1. Bangalore,M-2023-11-01,3.63
GYM - MARKETPLACE - 2. Hyderabad,M-2023-11-01,3.66
GYM - MARKETPLACE - 3. NCR,M-2023-11-01,3.69
GYM - MARKETPLACE - 4. Mumbai,M-2023-11-01,3.75
GYM - MARKETPLACE - 5. Pune,M-2023-11-01,3.71
GYM - MARKETPLACE - 6. Chennai,M-2023-11-01,
GYM - MARKETPLACE - 7. Others,M-2023-11-01,3.66
SPORTS - COCO - 1. Bangalore,M-2023-11-01,3.74
SPORTS - COCO - 2. Hyderabad,M-2023-11-01,3.72
SPORTS - COCO - 3. NCR,M-2023-11-01,3.7
SPORTS - MARKETPLACE - 1. Bangalore,M-2023-11-01,3.8
GX - COCO - 1. Bangalore,M-2023-12-01,3.87
GX - COCO - 2. Hyderabad,M-2023-12-01,3.89
GX - COCO - 3. NCR,M-2023-12-01,3.9
GX - COCO - 4. Mumbai,M-2023-12-01,3.91
GX - COCO - 5. Pune,M-2023-12-01,3.88
GX - COCO - 6. Chennai,M-2023-12-01,3.94
GX - COCO - 7. Others,M-2023-12-01,3.91
GX - FOFO - 1. Bangalore,M-2023-12-01,3.85
GX - FOFO - 2. Hyderabad,M-2023-12-01,3.89
GX - FOFO - 3. NCR,M-2023-12-01,3.87
GX - FOFO - 4. Mumbai,M-2023-12-01,3.9
GX - FOFO - 6. Chennai,M-2023-12-01,3.92
GX - FOFO - 7. Others,M-2023-12-01,3.89
GYM - COCO - 1. Bangalore,M-2023-12-01,3.66
GYM - COCO - 2. Hyderabad,M-2023-12-01,3.66
GYM - COCO - 3. NCR,M-2023-12-01,3.64
GYM - COCO - 4. Mumbai,M-2023-12-01,3.73
GYM - COCO - 5. Pune,M-2023-12-01,3.54
GYM - COCO - 7. Others,M-2023-12-01,3.76
GYM - FOFO - 1. Bangalore,M-2023-12-01,3.67
GYM - FOFO - 2. Hyderabad,M-2023-12-01,3.63
GYM - FOFO - 3. NCR,M-2023-12-01,3.67
GYM - FOFO - 4. Mumbai,M-2023-12-01,3.73
GYM - FOFO - 7. Others,M-2023-12-01,3.66
GYM - MARKETPLACE - 1. Bangalore,M-2023-12-01,3.65
GYM - MARKETPLACE - 2. Hyderabad,M-2023-12-01,3.67
GYM - MARKETPLACE - 3. NCR,M-2023-12-01,3.69
GYM - MARKETPLACE - 4. Mumbai,M-2023-12-01,3.73
GYM - MARKETPLACE - 5. Pune,M-2023-12-01,3.7
GYM - MARKETPLACE - 6. Chennai,M-2023-12-01,
GYM - MARKETPLACE - 7. Others,M-2023-12-01,3.68
SPORTS - COCO - 1. Bangalore,M-2023-12-01,3.75
SPORTS - COCO - 2. Hyderabad,M-2023-12-01,3.73
SPORTS - COCO - 3. NCR,M-2023-12-01,3.69
SPORTS - MARKETPLACE - 1. Bangalore,M-2023-12-01,3.83
GX - COCO - 1. Bangalore,M-2024-01-01,3.85
GX - COCO - 2. Hyderabad,M-2024-01-01,3.88
GX - COCO - 3. NCR,M-2024-01-01,3.89
GX - COCO - 4. Mumbai,M-2024-01-01,3.89
GX - COCO - 5. Pune,M-2024-01-01,3.86
GX - COCO - 6. Chennai,M-2024-01-01,3.93
GX - COCO - 7. Others,M-2024-01-01,3.91
GX - FOFO - 1. Bangalore,M-2024-01-01,3.84
GX - FOFO - 2. Hyderabad,M-2024-01-01,3.9
GX - FOFO - 3. NCR,M-2024-01-01,3.88
GX - FOFO - 4. Mumbai,M-2024-01-01,3.86
GX - FOFO - 6. Chennai,M-2024-01-01,3.91
GX - FOFO - 7. Others,M-2024-01-01,3.88
GYM - COCO - 1. Bangalore,M-2024-01-01,3.62
GYM - COCO - 2. Hyderabad,M-2024-01-01,3.63
GYM - COCO - 3. NCR,M-2024-01-01,3.65
GYM - COCO - 4. Mumbai,M-2024-01-01,3.7
GYM - COCO - 5. Pune,M-2024-01-01,3.48
GYM - COCO - 7. Others,M-2024-01-01,3.78
GYM - FOFO - 1. Bangalore,M-2024-01-01,3.64
GYM - FOFO - 2. Hyderabad,M-2024-01-01,3.61
GYM - FOFO - 3. NCR,M-2024-01-01,3.66
GYM - FOFO - 4. Mumbai,M-2024-01-01,3.75
GYM - FOFO - 7. Others,M-2024-01-01,3.68
GYM - MARKETPLACE - 1. Bangalore,M-2024-01-01,3.63
GYM - MARKETPLACE - 2. Hyderabad,M-2024-01-01,3.65
GYM - MARKETPLACE - 3. NCR,M-2024-01-01,3.72
GYM - MARKETPLACE - 4. Mumbai,M-2024-01-01,3.75
GYM - MARKETPLACE - 5. Pune,M-2024-01-01,3.69
GYM - MARKETPLACE - 7. Others,M-2024-01-01,3.67
SPORTS - COCO - 1. Bangalore,M-2024-01-01,3.69
SPORTS - COCO - 2. Hyderabad,M-2024-01-01,3.74
SPORTS - COCO - 3. NCR,M-2024-01-01,3.73
SPORTS - MARKETPLACE - 1. Bangalore,M-2024-01-01,3.77
GX - COCO - 1. Bangalore,M-2024-02-01,3.86
GX - COCO - 2. Hyderabad,M-2024-02-01,3.89
GX - COCO - 3. NCR,M-2024-02-01,3.89
GX - COCO - 4. Mumbai,M-2024-02-01,3.9
GX - COCO - 5. Pune,M-2024-02-01,3.88
GX - COCO - 6. Chennai,M-2024-02-01,3.93
GX - COCO - 7. Others,M-2024-02-01,3.9
GX - FOFO - 1. Bangalore,M-2024-02-01,3.85
GX - FOFO - 2. Hyderabad,M-2024-02-01,3.9
GX - FOFO - 3. NCR,M-2024-02-01,3.89
GX - FOFO - 4. Mumbai,M-2024-02-01,3.77
GX - FOFO - 6. Chennai,M-2024-02-01,3.92
GX - FOFO - 7. Others,M-2024-02-01,3.87
GYM - COCO - 1. Bangalore,M-2024-02-01,3.62
GYM - COCO - 2. Hyderabad,M-2024-02-01,3.61
GYM - COCO - 3. NCR,M-2024-02-01,3.64
GYM - COCO - 4. Mumbai,M-2024-02-01,3.73
GYM - COCO - 5. Pune,M-2024-02-01,3.47
GYM - COCO - 7. Others,M-2024-02-01,3.8
GYM - FOFO - 1. Bangalore,M-2024-02-01,3.61
GYM - FOFO - 2. Hyderabad,M-2024-02-01,3.59
GYM - FOFO - 3. NCR,M-2024-02-01,3.67
GYM - FOFO - 4. Mumbai,M-2024-02-01,3.77
GYM - FOFO - 7. Others,M-2024-02-01,3.64
GYM - MARKETPLACE - 1. Bangalore,M-2024-02-01,3.61
GYM - MARKETPLACE - 2. Hyderabad,M-2024-02-01,3.64
GYM - MARKETPLACE - 3. NCR,M-2024-02-01,3.7
GYM - MARKETPLACE - 4. Mumbai,M-2024-02-01,3.75
GYM - MARKETPLACE - 5. Pune,M-2024-02-01,3.65
GYM - MARKETPLACE - 7. Others,M-2024-02-01,3.69
SPORTS - COCO - 1. Bangalore,M-2024-02-01,3.68
SPORTS - COCO - 2. Hyderabad,M-2024-02-01,3.72
SPORTS - COCO - 3. NCR,M-2024-02-01,3.75
SPORTS - MARKETPLACE - 1. Bangalore,M-2024-02-01,3.69
GX - COCO - 1. Bangalore,M-2024-03-01,3.86
GX - COCO - 2. Hyderabad,M-2024-03-01,3.89
GX - COCO - 3. NCR,M-2024-03-01,3.89
GX - COCO - 4. Mumbai,M-2024-03-01,3.91
GX - COCO - 5. Pune,M-2024-03-01,3.89
GX - COCO - 6. Chennai,M-2024-03-01,3.95
GX - COCO - 7. Others,M-2024-03-01,3.92
GX - FOFO - 1. Bangalore,M-2024-03-01,3.86
GX - FOFO - 2. Hyderabad,M-2024-03-01,3.9
GX - FOFO - 3. NCR,M-2024-03-01,3.89
GX - FOFO - 4. Mumbai,M-2024-03-01,3.84
GX - FOFO - 6. Chennai,M-2024-03-01,3.92
GX - FOFO - 7. Others,M-2024-03-01,3.89
GYM - COCO - 1. Bangalore,M-2024-03-01,3.63
GYM - COCO - 2. Hyderabad,M-2024-03-01,3.64
GYM - COCO - 3. NCR,M-2024-03-01,3.63
GYM - COCO - 4. Mumbai,M-2024-03-01,3.75
GYM - COCO - 5. Pune,M-2024-03-01,3.48
GYM - COCO - 7. Others,M-2024-03-01,3.83
GYM - FOFO - 1. Bangalore,M-2024-03-01,3.64
GYM - FOFO - 2. Hyderabad,M-2024-03-01,3.64
GYM - FOFO - 3. NCR,M-2024-03-01,3.67
GYM - FOFO - 4. Mumbai,M-2024-03-01,3.77
GYM - FOFO - 7. Others,M-2024-03-01,3.68
GYM - MARKETPLACE - 1. Bangalore,M-2024-03-01,3.6
GYM - MARKETPLACE - 2. Hyderabad,M-2024-03-01,3.65
GYM - MARKETPLACE - 3. NCR,M-2024-03-01,3.69
GYM - MARKETPLACE - 4. Mumbai,M-2024-03-01,3.74
GYM - MARKETPLACE - 5. Pune,M-2024-03-01,3.66
GYM - MARKETPLACE - 7. Others,M-2024-03-01,3.73
SPORTS - COCO - 1. Bangalore,M-2024-03-01,3.67
SPORTS - COCO - 2. Hyderabad,M-2024-03-01,3.72
SPORTS - COCO - 3. NCR,M-2024-03-01,3.74
SPORTS - MARKETPLACE - 1. Bangalore,M-2024-03-01,3.72
GX - COCO - 1. Bangalore,M-2024-04-01,3.86
GX - COCO - 2. Hyderabad,M-2024-04-01,3.88
GX - COCO - 3. NCR,M-2024-04-01,3.89
GX - COCO - 4. Mumbai,M-2024-04-01,3.89
GX - COCO - 5. Pune,M-2024-04-01,3.87
GX - COCO - 6. Chennai,M-2024-04-01,3.95
GX - COCO - 7. Others,M-2024-04-01,3.91
GX - FOFO - 1. Bangalore,M-2024-04-01,3.86
GX - FOFO - 2. Hyderabad,M-2024-04-01,3.92
GX - FOFO - 3. NCR,M-2024-04-01,3.87
GX - FOFO - 4. Mumbai,M-2024-04-01,3.81
GX - FOFO - 5. Pune,M-2024-04-01,3.84
GX - FOFO - 6. Chennai,M-2024-04-01,3.92
GX - FOFO - 7. Others,M-2024-04-01,3.9
GYM - COCO - 1. Bangalore,M-2024-04-01,3.6
GYM - COCO - 2. Hyderabad,M-2024-04-01,3.65
GYM - COCO - 3. NCR,M-2024-04-01,3.57
GYM - COCO - 4. Mumbai,M-2024-04-01,3.78
GYM - COCO - 5. Pune,M-2024-04-01,3.41
GYM - COCO - 7. Others,M-2024-04-01,3.83
GYM - FOFO - 1. Bangalore,M-2024-04-01,3.63
GYM - FOFO - 2. Hyderabad,M-2024-04-01,3.65
GYM - FOFO - 3. NCR,M-2024-04-01,3.61
GYM - FOFO - 4. Mumbai,M-2024-04-01,3.71
GYM - FOFO - 7. Others,M-2024-04-01,3.67
GYM - MARKETPLACE - 1. Bangalore,M-2024-04-01,3.58
GYM - MARKETPLACE - 2. Hyderabad,M-2024-04-01,3.62
GYM - MARKETPLACE - 3. NCR,M-2024-04-01,3.66
GYM - MARKETPLACE - 4. Mumbai,M-2024-04-01,3.73
GYM - MARKETPLACE - 5. Pune,M-2024-04-01,3.65
GYM - MARKETPLACE - 6. Chennai,M-2024-04-01,3.71
GYM - MARKETPLACE - 7. Others,M-2024-04-01,3.69
SPORTS - COCO - 1. Bangalore,M-2024-04-01,3.66
SPORTS - COCO - 2. Hyderabad,M-2024-04-01,3.7
SPORTS - COCO - 3. NCR,M-2024-04-01,3.64
SPORTS - MARKETPLACE - 1. Bangalore,M-2024-04-01,3.71
GX - COCO - 1. Bangalore,M-2024-05-01,3.86
GX - COCO - 2. Hyderabad,M-2024-05-01,3.89
GX - COCO - 3. NCR,M-2024-05-01,3.89
GX - COCO - 4. Mumbai,M-2024-05-01,3.89
GX - COCO - 5. Pune,M-2024-05-01,3.87
GX - COCO - 6. Chennai,M-2024-05-01,3.95
GX - COCO - 7. Others,M-2024-05-01,3.92
GX - FOFO - 1. Bangalore,M-2024-05-01,3.86
GX - FOFO - 2. Hyderabad,M-2024-05-01,3.91
GX - FOFO - 3. NCR,M-2024-05-01,3.86
GX - FOFO - 4. Mumbai,M-2024-05-01,3.79
GX - FOFO - 5. Pune,M-2024-05-01,3.88
GX - FOFO - 6. Chennai,M-2024-05-01,3.92
GX - FOFO - 7. Others,M-2024-05-01,3.9
GYM - COCO - 1. Bangalore,M-2024-05-01,3.61
GYM - COCO - 2. Hyderabad,M-2024-05-01,3.64
GYM - COCO - 3. NCR,M-2024-05-01,3.58
GYM - COCO - 4. Mumbai,M-2024-05-01,3.76
GYM - COCO - 5. Pune,M-2024-05-01,3.36
GYM - COCO - 7. Others,M-2024-05-01,3.82
GYM - FOFO - 1. Bangalore,M-2024-05-01,3.62
GYM - FOFO - 2. Hyderabad,M-2024-05-01,3.58
GYM - FOFO - 3. NCR,M-2024-05-01,3.59
GYM - FOFO - 4. Mumbai,M-2024-05-01,3.74
GYM - FOFO - 7. Others,M-2024-05-01,3.65
GYM - MARKETPLACE - 1. Bangalore,M-2024-05-01,3.58
GYM - MARKETPLACE - 2. Hyderabad,M-2024-05-01,3.6
GYM - MARKETPLACE - 3. NCR,M-2024-05-01,3.63
GYM - MARKETPLACE - 4. Mumbai,M-2024-05-01,3.73
GYM - MARKETPLACE - 5. Pune,M-2024-05-01,3.66
GYM - MARKETPLACE - 6. Chennai,M-2024-05-01,3.77
GYM - MARKETPLACE - 7. Others,M-2024-05-01,3.65
SPORTS - COCO - 1. Bangalore,M-2024-05-01,3.69
SPORTS - COCO - 2. Hyderabad,M-2024-05-01,3.72
SPORTS - COCO - 3. NCR,M-2024-05-01,3.62
SPORTS - MARKETPLACE - 1. Bangalore,M-2024-05-01,3.64
GX - COCO - 1. Bangalore,M-2024-06-01,3.87
GX - COCO - 2. Hyderabad,M-2024-06-01,3.89
GX - COCO - 3. NCR,M-2024-06-01,3.89
GX - COCO - 4. Mumbai,M-2024-06-01,3.89
GX - COCO - 5. Pune,M-2024-06-01,3.9
GX - COCO - 6. Chennai,M-2024-06-01,3.92
GX - COCO - 7. Others,M-2024-06-01,3.89
GX - FOFO - 1. Bangalore,M-2024-06-01,3.85
GX - FOFO - 2. Hyderabad,M-2024-06-01,3.91
GX - FOFO - 3. NCR,M-2024-06-01,3.88
GX - FOFO - 4. Mumbai,M-2024-06-01,3.87
GX - FOFO - 5. Pune,M-2024-06-01,3.93
GX - FOFO - 6. Chennai,M-2024-06-01,3.91
GX - FOFO - 7. Others,M-2024-06-01,3.91
GYM - COCO - 1. Bangalore,M-2024-06-01,3.62
GYM - COCO - 2. Hyderabad,M-2024-06-01,3.68
GYM - COCO - 3. NCR,M-2024-06-01,3.63
GYM - COCO - 4. Mumbai,M-2024-06-01,3.76
GYM - COCO - 5. Pune,M-2024-06-01,3.52
GYM - COCO - 7. Others,M-2024-06-01,3.75
GYM - FOFO - 1. Bangalore,M-2024-06-01,3.63
GYM - FOFO - 2. Hyderabad,M-2024-06-01,3.62
GYM - FOFO - 3. NCR,M-2024-06-01,3.62
GYM - FOFO - 4. Mumbai,M-2024-06-01,3.74
GYM - FOFO - 7. Others,M-2024-06-01,3.66
GYM - MARKETPLACE - 1. Bangalore,M-2024-06-01,3.59
GYM - MARKETPLACE - 2. Hyderabad,M-2024-06-01,3.62
GYM - MARKETPLACE - 3. NCR,M-2024-06-01,3.61
GYM - MARKETPLACE - 4. Mumbai,M-2024-06-01,3.73
GYM - MARKETPLACE - 5. Pune,M-2024-06-01,3.68
GYM - MARKETPLACE - 6. Chennai,M-2024-06-01,3.63
GYM - MARKETPLACE - 7. Others,M-2024-06-01,3.71
SPORTS - COCO - 1. Bangalore,M-2024-06-01,3.7
SPORTS - COCO - 2. Hyderabad,M-2024-06-01,3.73
SPORTS - COCO - 3. NCR,M-2024-06-01,3.63
SPORTS - MARKETPLACE - 1. Bangalore,M-2024-06-01,3.65
GX - COCO - 1. Bangalore,M-2024-07-01,3.86
GX - COCO - 2. Hyderabad,M-2024-07-01,3.88
GX - COCO - 3. NCR,M-2024-07-01,3.89
GX - COCO - 4. Mumbai,M-2024-07-01,3.89
GX - COCO - 5. Pune,M-2024-07-01,3.9
GX - COCO - 6. Chennai,M-2024-07-01,3.91
GX - COCO - 7. Others,M-2024-07-01,3.9
GX - FOFO - 1. Bangalore,M-2024-07-01,3.87
GX - FOFO - 2. Hyderabad,M-2024-07-01,3.9
GX - FOFO - 3. NCR,M-2024-07-01,3.87
GX - FOFO - 4. Mumbai,M-2024-07-01,3.84
GX - FOFO - 5. Pune,M-2024-07-01,3.95
GX - FOFO - 6. Chennai,M-2024-07-01,3.92
GX - FOFO - 7. Others,M-2024-07-01,3.91
GYM - COCO - 1. Bangalore,M-2024-07-01,3.64
GYM - COCO - 2. Hyderabad,M-2024-07-01,3.67
GYM - COCO - 3. NCR,M-2024-07-01,3.6
GYM - COCO - 4. Mumbai,M-2024-07-01,3.77
GYM - COCO - 5. Pune,M-2024-07-01,3.5
GYM - COCO - 7. Others,M-2024-07-01,3.8
GYM - FOFO - 1. Bangalore,M-2024-07-01,3.61
GYM - FOFO - 2. Hyderabad,M-2024-07-01,3.59
GYM - FOFO - 3. NCR,M-2024-07-01,3.59
GYM - FOFO - 4. Mumbai,M-2024-07-01,3.77
GYM - FOFO - 7. Others,M-2024-07-01,3.66
GYM - MARKETPLACE - 1. Bangalore,M-2024-07-01,3.59
GYM - MARKETPLACE - 2. Hyderabad,M-2024-07-01,3.64
GYM - MARKETPLACE - 3. NCR,M-2024-07-01,3.61
GYM - MARKETPLACE - 4. Mumbai,M-2024-07-01,3.73
GYM - MARKETPLACE - 5. Pune,M-2024-07-01,3.68
GYM - MARKETPLACE - 6. Chennai,M-2024-07-01,3.6
GYM - MARKETPLACE - 7. Others,M-2024-07-01,3.68
SPORTS - COCO - 1. Bangalore,M-2024-07-01,3.68
SPORTS - COCO - 2. Hyderabad,M-2024-07-01,3.73
SPORTS - COCO - 3. NCR,M-2024-07-01,3.64
SPORTS - MARKETPLACE - 1. Bangalore,M-2024-07-01,3.69
GX - COCO - 1. Bangalore,M-2024-08-01,3.87
GX - COCO - 2. Hyderabad,M-2024-08-01,3.89
GX - COCO - 3. NCR,M-2024-08-01,3.89
GX - COCO - 4. Mumbai,M-2024-08-01,3.89
GX - COCO - 5. Pune,M-2024-08-01,3.87
GX - COCO - 6. Chennai,M-2024-08-01,3.92
GX - COCO - 7. Others,M-2024-08-01,3.91
GX - FOFO - 1. Bangalore,M-2024-08-01,3.87
GX - FOFO - 2. Hyderabad,M-2024-08-01,3.89
GX - FOFO - 3. NCR,M-2024-08-01,3.89
GX - FOFO - 4. Mumbai,M-2024-08-01,3.86
GX - FOFO - 5. Pune,M-2024-08-01,3.89
GX - FOFO - 6. Chennai,M-2024-08-01,3.91
GX - FOFO - 7. Others,M-2024-08-01,3.9
GYM - COCO - 1. Bangalore,M-2024-08-01,3.65
GYM - COCO - 2. Hyderabad,M-2024-08-01,3.68
GYM - COCO - 3. NCR,M-2024-08-01,3.61
GYM - COCO - 4. Mumbai,M-2024-08-01,3.76
GYM - COCO - 5. Pune,M-2024-08-01,3.45
GYM - COCO - 7. Others,M-2024-08-01,3.82
GYM - FOFO - 1. Bangalore,M-2024-08-01,3.62
GYM - FOFO - 2. Hyderabad,M-2024-08-01,3.54
GYM - FOFO - 3. NCR,M-2024-08-01,3.61
GYM - FOFO - 4. Mumbai,M-2024-08-01,3.75
GYM - FOFO - 7. Others,M-2024-08-01,3.65
GYM - MARKETPLACE - 1. Bangalore,M-2024-08-01,3.59
GYM - MARKETPLACE - 2. Hyderabad,M-2024-08-01,3.6
GYM - MARKETPLACE - 3. NCR,M-2024-08-01,3.59
GYM - MARKETPLACE - 4. Mumbai,M-2024-08-01,3.71
GYM - MARKETPLACE - 5. Pune,M-2024-08-01,3.66
GYM - MARKETPLACE - 6. Chennai,M-2024-08-01,3.42
GYM - MARKETPLACE - 7. Others,M-2024-08-01,3.59
SPORTS - COCO - 1. Bangalore,M-2024-08-01,3.67
SPORTS - COCO - 2. Hyderabad,M-2024-08-01,3.73
SPORTS - COCO - 3. NCR,M-2024-08-01,3.68
SPORTS - MARKETPLACE - 1. Bangalore,M-2024-08-01,3.55
GX - COCO - 1. Bangalore,M-2024-09-01,3.86
GX - COCO - 2. Hyderabad,M-2024-09-01,3.88
GX - COCO - 3. NCR,M-2024-09-01,3.9
GX - COCO - 4. Mumbai,M-2024-09-01,3.9
GX - COCO - 5. Pune,M-2024-09-01,3.86
GX - COCO - 6. Chennai,M-2024-09-01,3.91
GX - COCO - 7. Others,M-2024-09-01,3.91
GX - FOFO - 1. Bangalore,M-2024-09-01,3.87
GX - FOFO - 2. Hyderabad,M-2024-09-01,3.91
GX - FOFO - 3. NCR,M-2024-09-01,3.9
GX - FOFO - 4. Mumbai,M-2024-09-01,3.88
GX - FOFO - 5. Pune,M-2024-09-01,3.94
GX - FOFO - 6. Chennai,M-2024-09-01,3.91
GX - FOFO - 7. Others,M-2024-09-01,3.9
GYM - COCO - 1. Bangalore,M-2024-09-01,3.65
GYM - COCO - 2. Hyderabad,M-2024-09-01,3.69
GYM - COCO - 3. NCR,M-2024-09-01,3.63
GYM - COCO - 4. Mumbai,M-2024-09-01,3.74
GYM - COCO - 5. Pune,M-2024-09-01,3.56
GYM - COCO - 7. Others,M-2024-09-01,3.81
GYM - FOFO - 1. Bangalore,M-2024-09-01,3.61
GYM - FOFO - 2. Hyderabad,M-2024-09-01,3.58
GYM - FOFO - 3. NCR,M-2024-09-01,3.63
GYM - FOFO - 4. Mumbai,M-2024-09-01,3.75
GYM - FOFO - 7. Others,M-2024-09-01,3.66
GYM - MARKETPLACE - 1. Bangalore,M-2024-09-01,3.58
GYM - MARKETPLACE - 2. Hyderabad,M-2024-09-01,3.6
GYM - MARKETPLACE - 3. NCR,M-2024-09-01,3.6
GYM - MARKETPLACE - 4. Mumbai,M-2024-09-01,3.72
GYM - MARKETPLACE - 5. Pune,M-2024-09-01,3.66
GYM - MARKETPLACE - 6. Chennai,M-2024-09-01,3.67
GYM - MARKETPLACE - 7. Others,M-2024-09-01,3.56
SPORTS - COCO - 1. Bangalore,M-2024-09-01,3.68
SPORTS - COCO - 2. Hyderabad,M-2024-09-01,3.71
SPORTS - COCO - 3. NCR,M-2024-09-01,3.65
SPORTS - MARKETPLACE - 1. Bangalore,M-2024-09-01,3.65
GX - COCO - 1. Bangalore,M-2024-10-01,3.87
GX - COCO - 2. Hyderabad,M-2024-10-01,3.89
GX - COCO - 3. NCR,M-2024-10-01,3.9
GX - COCO - 4. Mumbai,M-2024-10-01,3.9
GX - COCO - 5. Pune,M-2024-10-01,3.87
GX - COCO - 6. Chennai,M-2024-10-01,3.91
GX - COCO - 7. Others,M-2024-10-01,3.91
GX - FOFO - 1. Bangalore,M-2024-10-01,3.87
GX - FOFO - 2. Hyderabad,M-2024-10-01,3.91
GX - FOFO - 3. NCR,M-2024-10-01,3.91
GX - FOFO - 4. Mumbai,M-2024-10-01,3.89
GX - FOFO - 5. Pune,M-2024-10-01,3.94
GX - FOFO - 6. Chennai,M-2024-10-01,3.91
GX - FOFO - 7. Others,M-2024-10-01,3.9
GYM - COCO - 1. Bangalore,M-2024-10-01,3.68
GYM - COCO - 2. Hyderabad,M-2024-10-01,3.68
GYM - COCO - 3. NCR,M-2024-10-01,3.68
GYM - COCO - 4. Mumbai,M-2024-10-01,3.77
GYM - COCO - 5. Pune,M-2024-10-01,3.61
GYM - COCO - 7. Others,M-2024-10-01,3.79
GYM - FOFO - 1. Bangalore,M-2024-10-01,3.66
GYM - FOFO - 2. Hyderabad,M-2024-10-01,3.61
GYM - FOFO - 3. NCR,M-2024-10-01,3.66
GYM - FOFO - 4. Mumbai,M-2024-10-01,3.74
GYM - FOFO - 7. Others,M-2024-10-01,3.66
GYM - MARKETPLACE - 1. Bangalore,M-2024-10-01,3.59
GYM - MARKETPLACE - 2. Hyderabad,M-2024-10-01,3.59
GYM - MARKETPLACE - 3. NCR,M-2024-10-01,3.61
GYM - MARKETPLACE - 4. Mumbai,M-2024-10-01,3.72
GYM - MARKETPLACE - 5. Pune,M-2024-10-01,3.68
GYM - MARKETPLACE - 6. Chennai,M-2024-10-01,3.74
GYM - MARKETPLACE - 7. Others,M-2024-10-01,3.6
SPORTS - COCO - 1. Bangalore,M-2024-10-01,3.66
SPORTS - COCO - 2. Hyderabad,M-2024-10-01,3.66
SPORTS - COCO - 3. NCR,M-2024-10-01,3.61
SPORTS - MARKETPLACE - 1. Bangalore,M-2024-10-01,3.68
GX - COCO - 1. Bangalore,M-2024-11-01,3.85
GX - COCO - 2. Hyderabad,M-2024-11-01,3.88
GX - COCO - 3. NCR,M-2024-11-01,3.9
GX - COCO - 4. Mumbai,M-2024-11-01,3.88
GX - COCO - 5. Pune,M-2024-11-01,3.86
GX - COCO - 6. Chennai,M-2024-11-01,3.92
GX - COCO - 7. Others,M-2024-11-01,3.89
GX - FOFO - 1. Bangalore,M-2024-11-01,3.85
GX - FOFO - 2. Hyderabad,M-2024-11-01,3.89
GX - FOFO - 3. NCR,M-2024-11-01,3.9
GX - FOFO - 4. Mumbai,M-2024-11-01,3.87
GX - FOFO - 5. Pune,M-2024-11-01,3.95
GX - FOFO - 6. Chennai,M-2024-11-01,3.91
GX - FOFO - 7. Others,M-2024-11-01,3.9
GYM - COCO - 1. Bangalore,M-2024-11-01,3.65
GYM - COCO - 2. Hyderabad,M-2024-11-01,3.64
GYM - COCO - 3. NCR,M-2024-11-01,3.67
GYM - COCO - 4. Mumbai,M-2024-11-01,3.71
GYM - COCO - 5. Pune,M-2024-11-01,3.63
GYM - COCO - 7. Others,M-2024-11-01,3.76
GYM - FOFO - 1. Bangalore,M-2024-11-01,3.63
GYM - FOFO - 2. Hyderabad,M-2024-11-01,3.55
GYM - FOFO - 3. NCR,M-2024-11-01,3.62
GYM - FOFO - 4. Mumbai,M-2024-11-01,3.79
GYM - FOFO - 7. Others,M-2024-11-01,3.65
GYM - MARKETPLACE - 1. Bangalore,M-2024-11-01,3.57
GYM - MARKETPLACE - 2. Hyderabad,M-2024-11-01,3.57
GYM - MARKETPLACE - 3. NCR,M-2024-11-01,3.57
GYM - MARKETPLACE - 4. Mumbai,M-2024-11-01,3.71
GYM - MARKETPLACE - 5. Pune,M-2024-11-01,3.69
GYM - MARKETPLACE - 6. Chennai,M-2024-11-01,3.74
GYM - MARKETPLACE - 7. Others,M-2024-11-01,3.65
SPORTS - COCO - 1. Bangalore,M-2024-11-01,3.67
SPORTS - COCO - 2. Hyderabad,M-2024-11-01,3.61
SPORTS - COCO - 3. NCR,M-2024-11-01,3.66
SPORTS - MARKETPLACE - 1. Bangalore,M-2024-11-01,3.66
GX - COCO - 1. Bangalore,M-2024-12-01,3.84
GX - COCO - 2. Hyderabad,M-2024-12-01,3.86
GX - COCO - 3. NCR,M-2024-12-01,3.88
GX - COCO - 4. Mumbai,M-2024-12-01,3.87
GX - COCO - 5. Pune,M-2024-12-01,3.84
GX - COCO - 6. Chennai,M-2024-12-01,3.88
GX - COCO - 7. Others,M-2024-12-01,3.88
GX - FOFO - 1. Bangalore,M-2024-12-01,3.83
GX - FOFO - 2. Hyderabad,M-2024-12-01,3.87
GX - FOFO - 3. NCR,M-2024-12-01,3.89
GX - FOFO - 4. Mumbai,M-2024-12-01,3.85
GX - FOFO - 5. Pune,M-2024-12-01,3.88
GX - FOFO - 6. Chennai,M-2024-12-01,3.89
GX - FOFO - 7. Others,M-2024-12-01,3.87
GYM - COCO - 1. Bangalore,M-2024-12-01,3.63
GYM - COCO - 2. Hyderabad,M-2024-12-01,3.63
GYM - COCO - 3. NCR,M-2024-12-01,3.67
GYM - COCO - 4. Mumbai,M-2024-12-01,3.71
GYM - COCO - 5. Pune,M-2024-12-01,3.61
GYM - COCO - 6. Chennai,M-2024-12-01,3.8
GYM - COCO - 7. Others,M-2024-12-01,3.78
GYM - FOFO - 1. Bangalore,M-2024-12-01,3.63
GYM - FOFO - 2. Hyderabad,M-2024-12-01,3.57
GYM - FOFO - 3. NCR,M-2024-12-01,3.63
GYM - FOFO - 4. Mumbai,M-2024-12-01,3.74
GYM - FOFO - 7. Others,M-2024-12-01,3.64
GYM - MARKETPLACE - 1. Bangalore,M-2024-12-01,3.55
GYM - MARKETPLACE - 2. Hyderabad,M-2024-12-01,3.55
GYM - MARKETPLACE - 3. NCR,M-2024-12-01,3.56
GYM - MARKETPLACE - 4. Mumbai,M-2024-12-01,3.68
GYM - MARKETPLACE - 5. Pune,M-2024-12-01,3.62
GYM - MARKETPLACE - 6. Chennai,M-2024-12-01,3.73
GYM - MARKETPLACE - 7. Others,M-2024-12-01,3.6
SPORTS - COCO - 1. Bangalore,M-2024-12-01,3.63
SPORTS - COCO - 2. Hyderabad,M-2024-12-01,3.67
SPORTS - COCO - 3. NCR,M-2024-12-01,3.64
SPORTS - MARKETPLACE - 1. Bangalore,M-2024-12-01,3.63
GX - COCO - 1. Bangalore,M-2025-01-01,3.83
GX - COCO - 2. Hyderabad,M-2025-01-01,3.86
GX - COCO - 3. NCR,M-2025-01-01,3.88
GX - COCO - 4. Mumbai,M-2025-01-01,3.88
GX - COCO - 5. Pune,M-2025-01-01,3.85
GX - COCO - 6. Chennai,M-2025-01-01,3.87
GX - COCO - 7. Others,M-2025-01-01,3.89
GX - FOFO - 1. Bangalore,M-2025-01-01,3.82
GX - FOFO - 2. Hyderabad,M-2025-01-01,3.87
GX - FOFO - 3. NCR,M-2025-01-01,3.89
GX - FOFO - 4. Mumbai,M-2025-01-01,3.88
GX - FOFO - 5. Pune,M-2025-01-01,3.92
GX - FOFO - 6. Chennai,M-2025-01-01,3.89
GX - FOFO - 7. Others,M-2025-01-01,3.88
GYM - COCO - 1. Bangalore,M-2025-01-01,3.59
GYM - COCO - 2. Hyderabad,M-2025-01-01,3.59
GYM - COCO - 3. NCR,M-2025-01-01,3.61
GYM - COCO - 4. Mumbai,M-2025-01-01,3.71
GYM - COCO - 5. Pune,M-2025-01-01,3.52
GYM - COCO - 6. Chennai,M-2025-01-01,3.77
GYM - COCO - 7. Others,M-2025-01-01,3.74
GYM - FOFO - 1. Bangalore,M-2025-01-01,3.56
GYM - FOFO - 2. Hyderabad,M-2025-01-01,3.57
GYM - FOFO - 3. NCR,M-2025-01-01,3.62
GYM - FOFO - 4. Mumbai,M-2025-01-01,3.72
GYM - FOFO - 7. Others,M-2025-01-01,3.61
GYM - MARKETPLACE - 1. Bangalore,M-2025-01-01,3.52
GYM - MARKETPLACE - 2. Hyderabad,M-2025-01-01,3.51
GYM - MARKETPLACE - 3. NCR,M-2025-01-01,3.57
GYM - MARKETPLACE - 4. Mumbai,M-2025-01-01,3.68
GYM - MARKETPLACE - 5. Pune,M-2025-01-01,3.55
GYM - MARKETPLACE - 6. Chennai,M-2025-01-01,3.69
GYM - MARKETPLACE - 7. Others,M-2025-01-01,3.59
SPORTS - COCO - 1. Bangalore,M-2025-01-01,3.64
SPORTS - COCO - 2. Hyderabad,M-2025-01-01,3.67
SPORTS - COCO - 3. NCR,M-2025-01-01,3.66
SPORTS - MARKETPLACE - 1. Bangalore,M-2025-01-01,3.65
GX - COCO - 1. Bangalore,M-2025-02-01,3.83
GX - COCO - 2. Hyderabad,M-2025-02-01,3.85
GX - COCO - 3. NCR,M-2025-02-01,3.87
GX - COCO - 4. Mumbai,M-2025-02-01,3.88
GX - COCO - 5. Pune,M-2025-02-01,3.85
GX - COCO - 6. Chennai,M-2025-02-01,3.87
GX - COCO - 7. Others,M-2025-02-01,3.87
GX - FOFO - 1. Bangalore,M-2025-02-01,3.82
GX - FOFO - 2. Hyderabad,M-2025-02-01,3.85
GX - FOFO - 3. NCR,M-2025-02-01,3.88
GX - FOFO - 4. Mumbai,M-2025-02-01,3.86
GX - FOFO - 5. Pune,M-2025-02-01,3.85
GX - FOFO - 6. Chennai,M-2025-02-01,3.87
GX - FOFO - 7. Others,M-2025-02-01,3.88
GYM - COCO - 1. Bangalore,M-2025-02-01,3.6
GYM - COCO - 2. Hyderabad,M-2025-02-01,3.58
GYM - COCO - 3. NCR,M-2025-02-01,3.64
GYM - COCO - 4. Mumbai,M-2025-02-01,3.72
GYM - COCO - 5. Pune,M-2025-02-01,3.55
GYM - COCO - 6. Chennai,M-2025-02-01,3.79
GYM - COCO - 7. Others,M-2025-02-01,3.75
GYM - FOFO - 1. Bangalore,M-2025-02-01,3.56
GYM - FOFO - 2. Hyderabad,M-2025-02-01,3.56
GYM - FOFO - 3. NCR,M-2025-02-01,3.59
GYM - FOFO - 4. Mumbai,M-2025-02-01,3.71
GYM - FOFO - 7. Others,M-2025-02-01,3.65
GYM - MARKETPLACE - 1. Bangalore,M-2025-02-01,3.51
GYM - MARKETPLACE - 2. Hyderabad,M-2025-02-01,3.49
GYM - MARKETPLACE - 3. NCR,M-2025-02-01,3.56
GYM - MARKETPLACE - 4. Mumbai,M-2025-02-01,3.67
GYM - MARKETPLACE - 5. Pune,M-2025-02-01,3.55
GYM - MARKETPLACE - 6. Chennai,M-2025-02-01,3.6
GYM - MARKETPLACE - 7. Others,M-2025-02-01,3.58
SPORTS - COCO - 1. Bangalore,M-2025-02-01,3.63
SPORTS - COCO - 2. Hyderabad,M-2025-02-01,3.68
SPORTS - COCO - 3. NCR,M-2025-02-01,3.67
SPORTS - MARKETPLACE - 1. Bangalore,M-2025-02-01,3.63
GX - COCO - 1. Bangalore,M-2025-03-01,3.84
GX - COCO - 2. Hyderabad,M-2025-03-01,3.84
GX - COCO - 3. NCR,M-2025-03-01,3.87
GX - COCO - 4. Mumbai,M-2025-03-01,3.88
GX - COCO - 5. Pune,M-2025-03-01,3.86
GX - COCO - 6. Chennai,M-2025-03-01,3.87
GX - COCO - 7. Others,M-2025-03-01,3.89
GX - FOFO - 1. Bangalore,M-2025-03-01,3.82
GX - FOFO - 2. Hyderabad,M-2025-03-01,3.86
GX - FOFO - 3. NCR,M-2025-03-01,3.88
GX - FOFO - 4. Mumbai,M-2025-03-01,3.8
GX - FOFO - 5. Pune,M-2025-03-01,3.88
GX - FOFO - 6. Chennai,M-2025-03-01,3.88
GX - FOFO - 7. Others,M-2025-03-01,3.86
GYM - COCO - 1. Bangalore,M-2025-03-01,3.58
GYM - COCO - 2. Hyderabad,M-2025-03-01,3.57
GYM - COCO - 3. NCR,M-2025-03-01,3.62
GYM - COCO - 4. Mumbai,M-2025-03-01,3.72
GYM - COCO - 5. Pune,M-2025-03-01,3.56
GYM - COCO - 6. Chennai,M-2025-03-01,3.8
GYM - COCO - 7. Others,M-2025-03-01,3.75
GYM - FOFO - 1. Bangalore,M-2025-03-01,3.56
GYM - FOFO - 2. Hyderabad,M-2025-03-01,3.57
GYM - FOFO - 3. NCR,M-2025-03-01,3.55
GYM - FOFO - 4. Mumbai,M-2025-03-01,3.71
GYM - FOFO - 7. Others,M-2025-03-01,3.64
GYM - MARKETPLACE - 1. Bangalore,M-2025-03-01,3.5
GYM - MARKETPLACE - 2. Hyderabad,M-2025-03-01,3.49
GYM - MARKETPLACE - 3. NCR,M-2025-03-01,3.54
GYM - MARKETPLACE - 4. Mumbai,M-2025-03-01,3.67
GYM - MARKETPLACE - 5. Pune,M-2025-03-01,3.57
GYM - MARKETPLACE - 6. Chennai,M-2025-03-01,3.68
GYM - MARKETPLACE - 7. Others,M-2025-03-01,3.55
SPORTS - COCO - 1. Bangalore,M-2025-03-01,3.63
SPORTS - COCO - 2. Hyderabad,M-2025-03-01,3.68
SPORTS - COCO - 3. NCR,M-2025-03-01,3.64
SPORTS - MARKETPLACE - 1. Bangalore,M-2025-03-01,3.61
GX - COCO - 1. Bangalore,M-2025-04-01,3.84
GX - COCO - 2. Hyderabad,M-2025-04-01,3.86
GX - COCO - 3. NCR,M-2025-04-01,3.87
GX - COCO - 4. Mumbai,M-2025-04-01,3.88
GX - COCO - 5. Pune,M-2025-04-01,3.86
GX - COCO - 6. Chennai,M-2025-04-01,3.89
GX - COCO - 7. Others,M-2025-04-01,3.9
GX - FOFO - 1. Bangalore,M-2025-04-01,3.82
GX - FOFO - 2. Hyderabad,M-2025-04-01,3.85
GX - FOFO - 3. NCR,M-2025-04-01,3.88
GX - FOFO - 4. Mumbai,M-2025-04-01,3.76
GX - FOFO - 5. Pune,M-2025-04-01,3.89
GX - FOFO - 6. Chennai,M-2025-04-01,3.88
GX - FOFO - 7. Others,M-2025-04-01,3.87
GYM - COCO - 1. Bangalore,M-2025-04-01,3.57
GYM - COCO - 2. Hyderabad,M-2025-04-01,3.57
GYM - COCO - 3. NCR,M-2025-04-01,3.6
GYM - COCO - 4. Mumbai,M-2025-04-01,3.7
GYM - COCO - 5. Pune,M-2025-04-01,3.57
GYM - COCO - 6. Chennai,M-2025-04-01,3.8
GYM - COCO - 7. Others,M-2025-04-01,3.75
GYM - FOFO - 1. Bangalore,M-2025-04-01,3.56
GYM - FOFO - 2. Hyderabad,M-2025-04-01,3.58
GYM - FOFO - 3. NCR,M-2025-04-01,3.53
GYM - FOFO - 4. Mumbai,M-2025-04-01,3.74
GYM - FOFO - 7. Others,M-2025-04-01,3.6
GYM - MARKETPLACE - 1. Bangalore,M-2025-04-01,3.48
GYM - MARKETPLACE - 2. Hyderabad,M-2025-04-01,3.46
GYM - MARKETPLACE - 3. NCR,M-2025-04-01,3.53
GYM - MARKETPLACE - 4. Mumbai,M-2025-04-01,3.64
GYM - MARKETPLACE - 5. Pune,M-2025-04-01,3.59
GYM - MARKETPLACE - 6. Chennai,M-2025-04-01,3.7
GYM - MARKETPLACE - 7. Others,M-2025-04-01,3.6
SPORTS - COCO - 1. Bangalore,M-2025-04-01,3.61
SPORTS - COCO - 2. Hyderabad,M-2025-04-01,3.68
SPORTS - COCO - 3. NCR,M-2025-04-01,3.59
SPORTS - MARKETPLACE - 1. Bangalore,M-2025-04-01,3.57
GX - COCO - 1. Bangalore,M-2025-05-01,3.83
GX - COCO - 2. Hyderabad,M-2025-05-01,3.85
GX - COCO - 3. NCR,M-2025-05-01,3.87
GX - COCO - 4. Mumbai,M-2025-05-01,3.87
GX - COCO - 5. Pune,M-2025-05-01,3.84
GX - COCO - 6. Chennai,M-2025-05-01,3.89
GX - COCO - 7. Others,M-2025-05-01,3.9
GX - FOFO - 1. Bangalore,M-2025-05-01,3.82
GX - FOFO - 2. Hyderabad,M-2025-05-01,3.85
GX - FOFO - 3. NCR,M-2025-05-01,3.88
GX - FOFO - 4. Mumbai,M-2025-05-01,3.8
GX - FOFO - 5. Pune,M-2025-05-01,3.88
GX - FOFO - 6. Chennai,M-2025-05-01,3.89
GX - FOFO - 7. Others,M-2025-05-01,3.87
GYM - COCO - 1. Bangalore,M-2025-05-01,3.58
GYM - COCO - 2. Hyderabad,M-2025-05-01,3.57
GYM - COCO - 3. NCR,M-2025-05-01,3.61
GYM - COCO - 4. Mumbai,M-2025-05-01,3.71
GYM - COCO - 5. Pune,M-2025-05-01,3.6
GYM - COCO - 6. Chennai,M-2025-05-01,3.81
GYM - COCO - 7. Others,M-2025-05-01,3.78
GYM - FOFO - 1. Bangalore,M-2025-05-01,3.55
GYM - FOFO - 2. Hyderabad,M-2025-05-01,3.6
GYM - FOFO - 3. NCR,M-2025-05-01,3.55
GYM - FOFO - 4. Mumbai,M-2025-05-01,3.74
GYM - FOFO - 7. Others,M-2025-05-01,3.6
GYM - MARKETPLACE - 1. Bangalore,M-2025-05-01,3.49
GYM - MARKETPLACE - 2. Hyderabad,M-2025-05-01,3.43
GYM - MARKETPLACE - 3. NCR,M-2025-05-01,3.51
GYM - MARKETPLACE - 4. Mumbai,M-2025-05-01,3.66
GYM - MARKETPLACE - 5. Pune,M-2025-05-01,3.57
GYM - MARKETPLACE - 6. Chennai,M-2025-05-01,3.65
GYM - MARKETPLACE - 7. Others,M-2025-05-01,3.61
SPORTS - COCO - 1. Bangalore,M-2025-05-01,3.62
SPORTS - COCO - 2. Hyderabad,M-2025-05-01,3.67
SPORTS - COCO - 3. NCR,M-2025-05-01,3.6
SPORTS - MARKETPLACE - 1. Bangalore,M-2025-05-01,3.57
GX - COCO - 1. Bangalore,M-2025-06-01,3.84
GX - COCO - 2. Hyderabad,M-2025-06-01,3.85
GX - COCO - 3. NCR,M-2025-06-01,3.87
GX - COCO - 4. Mumbai,M-2025-06-01,3.88
GX - COCO - 5. Pune,M-2025-06-01,3.85
GX - COCO - 6. Chennai,M-2025-06-01,3.88
GX - COCO - 7. Others,M-2025-06-01,3.9
GX - FOFO - 1. Bangalore,M-2025-06-01,3.82
GX - FOFO - 2. Hyderabad,M-2025-06-01,3.86
GX - FOFO - 3. NCR,M-2025-06-01,3.88
GX - FOFO - 4. Mumbai,M-2025-06-01,3.85
GX - FOFO - 5. Pune,M-2025-06-01,3.87
GX - FOFO - 6. Chennai,M-2025-06-01,3.91
GX - FOFO - 7. Others,M-2025-06-01,3.87
GYM - COCO - 1. Bangalore,M-2025-06-01,3.57
GYM - COCO - 2. Hyderabad,M-2025-06-01,3.57
GYM - COCO - 3. NCR,M-2025-06-01,3.61
GYM - COCO - 4. Mumbai,M-2025-06-01,3.7
GYM - COCO - 5. Pune,M-2025-06-01,3.58
GYM - COCO - 6. Chennai,M-2025-06-01,3.75
GYM - COCO - 7. Others,M-2025-06-01,3.77
GYM - FOFO - 1. Bangalore,M-2025-06-01,3.56
GYM - FOFO - 2. Hyderabad,M-2025-06-01,3.6
GYM - FOFO - 3. NCR,M-2025-06-01,3.54
GYM - FOFO - 4. Mumbai,M-2025-06-01,3.76
GYM - FOFO - 7. Others,M-2025-06-01,3.61
GYM - MARKETPLACE - 1. Bangalore,M-2025-06-01,3.48
GYM - MARKETPLACE - 2. Hyderabad,M-2025-06-01,3.43
GYM - MARKETPLACE - 3. NCR,M-2025-06-01,3.46
GYM - MARKETPLACE - 4. Mumbai,M-2025-06-01,3.65
GYM - MARKETPLACE - 5. Pune,M-2025-06-01,3.55
GYM - MARKETPLACE - 6. Chennai,M-2025-06-01,3.51
GYM - MARKETPLACE - 7. Others,M-2025-06-01,3.6
SPORTS - COCO - 1. Bangalore,M-2025-06-01,3.63
SPORTS - COCO - 2. Hyderabad,M-2025-06-01,3.68
SPORTS - COCO - 3. NCR,M-2025-06-01,3.58
SPORTS - MARKETPLACE - 1. Bangalore,M-2025-06-01,3.57
GX - COCO - 1. Bangalore,M-2025-07-01,3.84
GX - COCO - 2. Hyderabad,M-2025-07-01,3.86
GX - COCO - 3. NCR,M-2025-07-01,3.88
GX - COCO - 4. Mumbai,M-2025-07-01,3.88
GX - COCO - 5. Pune,M-2025-07-01,3.83
GX - COCO - 6. Chennai,M-2025-07-01,3.86
GX - COCO - 7. Others,M-2025-07-01,3.91
GX - FOFO - 1. Bangalore,M-2025-07-01,3.84
GX - FOFO - 2. Hyderabad,M-2025-07-01,3.84
GX - FOFO - 3. NCR,M-2025-07-01,3.89
GX - FOFO - 4. Mumbai,M-2025-07-01,3.85
GX - FOFO - 5. Pune,M-2025-07-01,3.91
GX - FOFO - 6. Chennai,M-2025-07-01,3.91
GX - FOFO - 7. Others,M-2025-07-01,3.88
GYM - COCO - 1. Bangalore,M-2025-07-01,3.57
GYM - COCO - 2. Hyderabad,M-2025-07-01,3.57
GYM - COCO - 3. NCR,M-2025-07-01,3.6
GYM - COCO - 4. Mumbai,M-2025-07-01,3.68
GYM - COCO - 5. Pune,M-2025-07-01,3.54
GYM - COCO - 6. Chennai,M-2025-07-01,3.75
GYM - COCO - 7. Others,M-2025-07-01,3.76
GYM - FOFO - 1. Bangalore,M-2025-07-01,3.57
GYM - FOFO - 2. Hyderabad,M-2025-07-01,3.59
GYM - FOFO - 3. NCR,M-2025-07-01,3.55
GYM - FOFO - 4. Mumbai,M-2025-07-01,3.79
GYM - FOFO - 7. Others,M-2025-07-01,3.64
GYM - MARKETPLACE - 1. Bangalore,M-2025-07-01,3.48
GYM - MARKETPLACE - 2. Hyderabad,M-2025-07-01,3.42
GYM - MARKETPLACE - 3. NCR,M-2025-07-01,3.49
GYM - MARKETPLACE - 4. Mumbai,M-2025-07-01,3.68
GYM - MARKETPLACE - 5. Pune,M-2025-07-01,3.58
GYM - MARKETPLACE - 6. Chennai,M-2025-07-01,3.6
GYM - MARKETPLACE - 7. Others,M-2025-07-01,3.64
SPORTS - COCO - 1. Bangalore,M-2025-07-01,3.63
SPORTS - COCO - 2. Hyderabad,M-2025-07-01,3.7
SPORTS - COCO - 3. NCR,M-2025-07-01,3.58
SPORTS - MARKETPLACE - 1. Bangalore,M-2025-07-01,3.57
GX - COCO - 1. Bangalore,M-2025-08-01,3.85
GX - COCO - 2. Hyderabad,M-2025-08-01,3.87
GX - COCO - 3. NCR,M-2025-08-01,3.89
GX - COCO - 4. Mumbai,M-2025-08-01,3.89
GX - COCO - 5. Pune,M-2025-08-01,3.85
GX - COCO - 6. Chennai,M-2025-08-01,3.89
GX - COCO - 7. Others,M-2025-08-01,3.91
GX - FOFO - 1. Bangalore,M-2025-08-01,3.84
GX - FOFO - 2. Hyderabad,M-2025-08-01,3.86
GX - FOFO - 3. NCR,M-2025-08-01,3.89
GX - FOFO - 4. Mumbai,M-2025-08-01,3.85
GX - FOFO - 6. Chennai,M-2025-08-01,3.91
GX - FOFO - 7. Others,M-2025-08-01,3.88
GYM - COCO - 1. Bangalore,M-2025-08-01,3.61
GYM - COCO - 2. Hyderabad,M-2025-08-01,3.61
GYM - COCO - 3. NCR,M-2025-08-01,3.62
GYM - COCO - 4. Mumbai,M-2025-08-01,3.69
GYM - COCO - 5. Pune,M-2025-08-01,3.57
GYM - COCO - 6. Chennai,M-2025-08-01,3.79
GYM - COCO - 7. Others,M-2025-08-01,3.75
GYM - FOFO - 1. Bangalore,M-2025-08-01,3.6
GYM - FOFO - 2. Hyderabad,M-2025-08-01,3.66
GYM - FOFO - 3. NCR,M-2025-08-01,3.55
GYM - FOFO - 4. Mumbai,M-2025-08-01,3.81
GYM - FOFO - 7. Others,M-2025-08-01,3.67
GYM - MARKETPLACE - 1. Bangalore,M-2025-08-01,3.5
GYM - MARKETPLACE - 2. Hyderabad,M-2025-08-01,3.44
GYM - MARKETPLACE - 3. NCR,M-2025-08-01,3.49
GYM - MARKETPLACE - 4. Mumbai,M-2025-08-01,3.73
GYM - MARKETPLACE - 5. Pune,M-2025-08-01,3.55
GYM - MARKETPLACE - 6. Chennai,M-2025-08-01,3.66
GYM - MARKETPLACE - 7. Others,M-2025-08-01,3.66
SPORTS - COCO - 1. Bangalore,M-2025-08-01,3.65
SPORTS - COCO - 2. Hyderabad,M-2025-08-01,3.74
SPORTS - COCO - 3. NCR,M-2025-08-01,3.59
SPORTS - MARKETPLACE - 1. Bangalore,M-2025-08-01,3.64
GX - COCO - 1. Bangalore,M-2025-09-01,3.84
GX - COCO - 2. Hyderabad,M-2025-09-01,3.87
GX - COCO - 3. NCR,M-2025-09-01,3.88
GX - COCO - 4. Mumbai,M-2025-09-01,3.88
GX - COCO - 5. Pune,M-2025-09-01,3.85
GX - COCO - 6. Chennai,M-2025-09-01,3.87
GX - COCO - 7. Others,M-2025-09-01,3.93
GX - FOFO - 1. Bangalore,M-2025-09-01,3.84
GX - FOFO - 2. Hyderabad,M-2025-09-01,3.86
GX - FOFO - 3. NCR,M-2025-09-01,3.87
GX - FOFO - 4. Mumbai,M-2025-09-01,3.88
GX - FOFO - 6. Chennai,M-2025-09-01,3.92
GX - FOFO - 7. Others,M-2025-09-01,3.88
GYM - COCO - 1. Bangalore,M-2025-09-01,3.6
GYM - COCO - 2. Hyderabad,M-2025-09-01,3.57
GYM - COCO - 3. NCR,M-2025-09-01,3.58
GYM - COCO - 4. Mumbai,M-2025-09-01,3.68
GYM - COCO - 5. Pune,M-2025-09-01,3.57
GYM - COCO - 6. Chennai,M-2025-09-01,3.77
GYM - COCO - 7. Others,M-2025-09-01,3.73
GYM - FOFO - 1. Bangalore,M-2025-09-01,3.56
GYM - FOFO - 2. Hyderabad,M-2025-09-01,3.6
GYM - FOFO - 3. NCR,M-2025-09-01,3.53
GYM - FOFO - 4. Mumbai,M-2025-09-01,3.76
GYM - FOFO - 5. Pune,M-2025-09-01,3.67
GYM - FOFO - 7. Others,M-2025-09-01,3.65
GYM - MARKETPLACE - 1. Bangalore,M-2025-09-01,3.5
GYM - MARKETPLACE - 2. Hyderabad,M-2025-09-01,3.43
GYM - MARKETPLACE - 3. NCR,M-2025-09-01,3.54
GYM - MARKETPLACE - 4. Mumbai,M-2025-09-01,3.69
GYM - MARKETPLACE - 5. Pune,M-2025-09-01,3.57
GYM - MARKETPLACE - 6. Chennai,M-2025-09-01,3.5
GYM - MARKETPLACE - 7. Others,M-2025-09-01,3.65
SPORTS - COCO - 1. Bangalore,M-2025-09-01,3.64
SPORTS - COCO - 2. Hyderabad,M-2025-09-01,3.72
SPORTS - COCO - 3. NCR,M-2025-09-01,3.62
SPORTS - MARKETPLACE - 1. Bangalore,M-2025-09-01,3.59
GX - COCO - 1. Bangalore,M-2025-10-01,3.84
GX - COCO - 2. Hyderabad,M-2025-10-01,3.86
GX - COCO - 3. NCR,M-2025-10-01,3.89
GX - COCO - 4. Mumbai,M-2025-10-01,3.89
GX - COCO - 5. Pune,M-2025-10-01,3.85
GX - COCO - 6. Chennai,M-2025-10-01,3.88
GX - COCO - 7. Others,M-2025-10-01,3.91
GX - FOFO - 1. Bangalore,M-2025-10-01,3.84
GX - FOFO - 2. Hyderabad,M-2025-10-01,3.87
GX - FOFO - 3. NCR,M-2025-10-01,3.89
GX - FOFO - 4. Mumbai,M-2025-10-01,3.88
GX - FOFO - 6. Chennai,M-2025-10-01,3.91
GX - FOFO - 7. Others,M-2025-10-01,3.88
GYM - COCO - 1. Bangalore,M-2025-10-01,3.59
GYM - COCO - 2. Hyderabad,M-2025-10-01,3.58
GYM - COCO - 3. NCR,M-2025-10-01,3.6
GYM - COCO - 4. Mumbai,M-2025-10-01,3.71
GYM - COCO - 5. Pune,M-2025-10-01,3.65
GYM - COCO - 6. Chennai,M-2025-10-01,3.78
GYM - COCO - 7. Others,M-2025-10-01,3.7
GYM - FOFO - 1. Bangalore,M-2025-10-01,3.59
GYM - FOFO - 2. Hyderabad,M-2025-10-01,3.59
GYM - FOFO - 3. NCR,M-2025-10-01,3.57
GYM - FOFO - 4. Mumbai,M-2025-10-01,3.74
GYM - FOFO - 5. Pune,M-2025-10-01,3.58
GYM - FOFO - 7. Others,M-2025-10-01,3.64
GYM - MARKETPLACE - 1. Bangalore,M-2025-10-01,3.51
GYM - MARKETPLACE - 2. Hyderabad,M-2025-10-01,3.42
GYM - MARKETPLACE - 3. NCR,M-2025-10-01,3.52
GYM - MARKETPLACE - 4. Mumbai,M-2025-10-01,3.7
GYM - MARKETPLACE - 5. Pune,M-2025-10-01,3.61
GYM - MARKETPLACE - 6. Chennai,M-2025-10-01,3.3
GYM - MARKETPLACE - 7. Others,M-2025-10-01,3.59
SPORTS - COCO - 1. Bangalore,M-2025-10-01,3.62
SPORTS - COCO - 2. Hyderabad,M-2025-10-01,3.73
SPORTS - COCO - 3. NCR,M-2025-10-01,3.64
SPORTS - MARKETPLACE - 1. Bangalore,M-2025-10-01,3.64
GX - COCO - 1. Bangalore,M-2025-11-01,3.84
GX - COCO - 2. Hyderabad,M-2025-11-01,3.86
GX - COCO - 3. NCR,M-2025-11-01,3.88
GX - COCO - 4. Mumbai,M-2025-11-01,3.87
GX - COCO - 5. Pune,M-2025-11-01,3.85
GX - COCO - 6. Chennai,M-2025-11-01,3.86
GX - COCO - 7. Others,M-2025-11-01,3.9
GX - FOFO - 1. Bangalore,M-2025-11-01,3.83
GX - FOFO - 2. Hyderabad,M-2025-11-01,3.85
GX - FOFO - 3. NCR,M-2025-11-01,3.88
GX - FOFO - 4. Mumbai,M-2025-11-01,3.91
GX - FOFO - 6. Chennai,M-2025-11-01,3.91
GX - FOFO - 7. Others,M-2025-11-01,3.88
GYM - COCO - 1. Bangalore,M-2025-11-01,3.59
GYM - COCO - 2. Hyderabad,M-2025-11-01,3.62
GYM - COCO - 3. NCR,M-2025-11-01,3.61
GYM - COCO - 4. Mumbai,M-2025-11-01,3.67
GYM - COCO - 5. Pune,M-2025-11-01,3.69
GYM - COCO - 6. Chennai,M-2025-11-01,3.79
GYM - COCO - 7. Others,M-2025-11-01,3.72
GYM - FOFO - 1. Bangalore,M-2025-11-01,3.59
GYM - FOFO - 2. Hyderabad,M-2025-11-01,3.63
GYM - FOFO - 3. NCR,M-2025-11-01,3.62
GYM - FOFO - 4. Mumbai,M-2025-11-01,3.79
GYM - FOFO - 5. Pune,M-2025-11-01,3.58
GYM - FOFO - 7. Others,M-2025-11-01,3.65
GYM - MARKETPLACE - 1. Bangalore,M-2025-11-01,3.51
GYM - MARKETPLACE - 2. Hyderabad,M-2025-11-01,3.46
GYM - MARKETPLACE - 3. NCR,M-2025-11-01,3.58
GYM - MARKETPLACE - 4. Mumbai,M-2025-11-01,3.68
GYM - MARKETPLACE - 5. Pune,M-2025-11-01,3.54
GYM - MARKETPLACE - 6. Chennai,M-2025-11-01,3.36
GYM - MARKETPLACE - 7. Others,M-2025-11-01,3.68
SPORTS - COCO - 1. Bangalore,M-2025-11-01,3.64
SPORTS - COCO - 2. Hyderabad,M-2025-11-01,3.73
SPORTS - COCO - 3. NCR,M-2025-11-01,3.65
SPORTS - MARKETPLACE - 1. Bangalore,M-2025-11-01,3.57
GX - COCO - 1. Bangalore,M-2025-12-01,3.84
GX - COCO - 2. Hyderabad,M-2025-12-01,3.87
GX - COCO - 3. NCR,M-2025-12-01,3.88
GX - COCO - 4. Mumbai,M-2025-12-01,3.89
GX - COCO - 5. Pune,M-2025-12-01,3.88
GX - COCO - 6. Chennai,M-2025-12-01,3.88
GX - COCO - 7. Others,M-2025-12-01,3.91
GX - FOFO - 1. Bangalore,M-2025-12-01,3.84
GX - FOFO - 2. Hyderabad,M-2025-12-01,3.86
GX - FOFO - 3. NCR,M-2025-12-01,3.9
GX - FOFO - 4. Mumbai,M-2025-12-01,3.93
GX - FOFO - 6. Chennai,M-2025-12-01,3.91
GX - FOFO - 7. Others,M-2025-12-01,3.87
GYM - COCO - 1. Bangalore,M-2025-12-01,3.6
GYM - COCO - 2. Hyderabad,M-2025-12-01,3.63
GYM - COCO - 3. NCR,M-2025-12-01,3.64
GYM - COCO - 4. Mumbai,M-2025-12-01,3.7
GYM - COCO - 5. Pune,M-2025-12-01,3.74
GYM - COCO - 6. Chennai,M-2025-12-01,3.79
GYM - COCO - 7. Others,M-2025-12-01,3.73
GYM - FOFO - 1. Bangalore,M-2025-12-01,3.62
GYM - FOFO - 2. Hyderabad,M-2025-12-01,3.63
GYM - FOFO - 3. NCR,M-2025-12-01,3.66
GYM - FOFO - 4. Mumbai,M-2025-12-01,3.79
GYM - FOFO - 5. Pune,M-2025-12-01,3.52
GYM - FOFO - 7. Others,M-2025-12-01,3.71
GYM - MARKETPLACE - 1. Bangalore,M-2025-12-01,3.53
GYM - MARKETPLACE - 2. Hyderabad,M-2025-12-01,3.48
GYM - MARKETPLACE - 3. NCR,M-2025-12-01,3.62
GYM - MARKETPLACE - 4. Mumbai,M-2025-12-01,3.67
GYM - MARKETPLACE - 5. Pune,M-2025-12-01,3.56
GYM - MARKETPLACE - 6. Chennai,M-2025-12-01,3.72
GYM - MARKETPLACE - 7. Others,M-2025-12-01,3.65
SPORTS - COCO - 1. Bangalore,M-2025-12-01,3.64
SPORTS - COCO - 2. Hyderabad,M-2025-12-01,3.78
SPORTS - COCO - 3. NCR,M-2025-12-01,3.68
SPORTS - MARKETPLACE - 1. Bangalore,M-2025-12-01,3.62
GX - COCO - 1. Bangalore,M-2026-01-01,3.85
GX - COCO - 2. Hyderabad,M-2026-01-01,3.87
GX - COCO - 3. NCR,M-2026-01-01,3.88
GX - COCO - 4. Mumbai,M-2026-01-01,3.88
GX - COCO - 5. Pune,M-2026-01-01,3.86
GX - COCO - 6. Chennai,M-2026-01-01,3.88
GX - COCO - 7. Others,M-2026-01-01,3.92
GX - FOFO - 1. Bangalore,M-2026-01-01,3.84
GX - FOFO - 2. Hyderabad,M-2026-01-01,3.86
GX - FOFO - 3. NCR,M-2026-01-01,3.89
GX - FOFO - 4. Mumbai,M-2026-01-01,3.93
GX - FOFO - 6. Chennai,M-2026-01-01,3.91
GX - FOFO - 7. Others,M-2026-01-01,3.89
GYM - COCO - 1. Bangalore,M-2026-01-01,3.59
GYM - COCO - 2. Hyderabad,M-2026-01-01,3.6
GYM - COCO - 3. NCR,M-2026-01-01,3.63
GYM - COCO - 4. Mumbai,M-2026-01-01,3.69
GYM - COCO - 5. Pune,M-2026-01-01,3.67
GYM - COCO - 6. Chennai,M-2026-01-01,3.77
GYM - COCO - 7. Others,M-2026-01-01,3.7
GYM - FOFO - 1. Bangalore,M-2026-01-01,3.58
GYM - FOFO - 2. Hyderabad,M-2026-01-01,3.63
GYM - FOFO - 3. NCR,M-2026-01-01,3.63
GYM - FOFO - 4. Mumbai,M-2026-01-01,3.78
GYM - FOFO - 5. Pune,M-2026-01-01,3.57
GYM - FOFO - 7. Others,M-2026-01-01,3.67
GYM - MARKETPLACE - 1. Bangalore,M-2026-01-01,3.5
GYM - MARKETPLACE - 2. Hyderabad,M-2026-01-01,3.46
GYM - MARKETPLACE - 3. NCR,M-2026-01-01,3.65
GYM - MARKETPLACE - 4. Mumbai,M-2026-01-01,3.71
GYM - MARKETPLACE - 5. Pune,M-2026-01-01,3.57
GYM - MARKETPLACE - 6. Chennai,M-2026-01-01,3.79
GYM - MARKETPLACE - 7. Others,M-2026-01-01,3.67
SPORTS - COCO - 1. Bangalore,M-2026-01-01,3.64
SPORTS - COCO - 2. Hyderabad,M-2026-01-01,3.78
SPORTS - COCO - 3. NCR,M-2026-01-01,3.67
SPORTS - MARKETPLACE - 1. Bangalore,M-2026-01-01,3.54
GX - COCO - 1. Bangalore,M-2026-02-01,3.85
GX - COCO - 2. Hyderabad,M-2026-02-01,3.87
GX - COCO - 3. NCR,M-2026-02-01,3.89
GX - COCO - 4. Mumbai,M-2026-02-01,3.88
GX - COCO - 5. Pune,M-2026-02-01,3.87
GX - COCO - 6. Chennai,M-2026-02-01,3.86
GX - COCO - 7. Others,M-2026-02-01,3.9
GX - FOFO - 1. Bangalore,M-2026-02-01,3.84
GX - FOFO - 2. Hyderabad,M-2026-02-01,3.86
GX - FOFO - 3. NCR,M-2026-02-01,3.89
GX - FOFO - 4. Mumbai,M-2026-02-01,3.84
GX - FOFO - 6. Chennai,M-2026-02-01,3.9
GX - FOFO - 7. Others,M-2026-02-01,3.88
GYM - COCO - 1. Bangalore,M-2026-02-01,3.58
GYM - COCO - 2. Hyderabad,M-2026-02-01,3.59
GYM - COCO - 3. NCR,M-2026-02-01,3.63
GYM - COCO - 4. Mumbai,M-2026-02-01,3.72
GYM - COCO - 5. Pune,M-2026-02-01,3.71
GYM - COCO - 6. Chennai,M-2026-02-01,3.76
GYM - COCO - 7. Others,M-2026-02-01,3.74
GYM - FOFO - 1. Bangalore,M-2026-02-01,3.58
GYM - FOFO - 2. Hyderabad,M-2026-02-01,3.61
GYM - FOFO - 3. NCR,M-2026-02-01,3.63
GYM - FOFO - 4. Mumbai,M-2026-02-01,3.8
GYM - FOFO - 5. Pune,M-2026-02-01,3.59
GYM - FOFO - 7. Others,M-2026-02-01,3.69
GYM - MARKETPLACE - 1. Bangalore,M-2026-02-01,3.51
GYM - MARKETPLACE - 2. Hyderabad,M-2026-02-01,3.46
GYM - MARKETPLACE - 3. NCR,M-2026-02-01,3.58
GYM - MARKETPLACE - 4. Mumbai,M-2026-02-01,3.65
GYM - MARKETPLACE - 5. Pune,M-2026-02-01,3.59
GYM - MARKETPLACE - 6. Chennai,M-2026-02-01,3.92
GYM - MARKETPLACE - 7. Others,M-2026-02-01,3.64
SPORTS - COCO - 1. Bangalore,M-2026-02-01,3.64
SPORTS - COCO - 2. Hyderabad,M-2026-02-01,3.73
SPORTS - COCO - 3. NCR,M-2026-02-01,3.7
SPORTS - MARKETPLACE - 1. Bangalore,M-2026-02-01,3.53
GX - COCO - 1. Bangalore,M-2026-03-01,3.85
GX - COCO - 2. Hyderabad,M-2026-03-01,3.87
GX - COCO - 3. NCR,M-2026-03-01,3.88
GX - COCO - 4. Mumbai,M-2026-03-01,3.89
GX - COCO - 5. Pune,M-2026-03-01,3.88
GX - COCO - 6. Chennai,M-2026-03-01,3.88
GX - COCO - 7. Others,M-2026-03-01,3.92
GX - FOFO - 1. Bangalore,M-2026-03-01,3.84
GX - FOFO - 2. Hyderabad,M-2026-03-01,3.87
GX - FOFO - 3. NCR,M-2026-03-01,3.9
GX - FOFO - 4. Mumbai,M-2026-03-01,3.91
GX - FOFO - 5. Pune,M-2026-03-01,3.84
GX - FOFO - 6. Chennai,M-2026-03-01,3.89
GX - FOFO - 7. Others,M-2026-03-01,3.89
GYM - COCO - 1. Bangalore,M-2026-03-01,3.58
GYM - COCO - 2. Hyderabad,M-2026-03-01,3.6
GYM - COCO - 3. NCR,M-2026-03-01,3.62
GYM - COCO - 4. Mumbai,M-2026-03-01,3.73
GYM - COCO - 5. Pune,M-2026-03-01,3.69
GYM - COCO - 6. Chennai,M-2026-03-01,3.78
GYM - COCO - 7. Others,M-2026-03-01,3.7
GYM - FOFO - 1. Bangalore,M-2026-03-01,3.58
GYM - FOFO - 2. Hyderabad,M-2026-03-01,3.62
GYM - FOFO - 3. NCR,M-2026-03-01,3.6
GYM - FOFO - 4. Mumbai,M-2026-03-01,3.82
GYM - FOFO - 5. Pune,M-2026-03-01,3.62
GYM - FOFO - 7. Others,M-2026-03-01,3.68
GYM - MARKETPLACE - 1. Bangalore,M-2026-03-01,3.49
GYM - MARKETPLACE - 2. Hyderabad,M-2026-03-01,3.44
GYM - MARKETPLACE - 3. NCR,M-2026-03-01,3.6
GYM - MARKETPLACE - 4. Mumbai,M-2026-03-01,3.68
GYM - MARKETPLACE - 5. Pune,M-2026-03-01,3.58
GYM - MARKETPLACE - 6. Chennai,M-2026-03-01,3.64
GYM - MARKETPLACE - 7. Others,M-2026-03-01,3.67
SPORTS - COCO - 1. Bangalore,M-2026-03-01,3.65
SPORTS - COCO - 2. Hyderabad,M-2026-03-01,3.71
SPORTS - COCO - 3. NCR,M-2026-03-01,3.63
SPORTS - MARKETPLACE - 1. Bangalore,M-2026-03-01,3.56
