Date,Install Type - Source,Installs
2026-03-01T00:00:00Z,New - Organic,44151
2026-03-01T00:00:00Z,No Device ID - Organic,0
2026-03-01T00:00:00Z,Re-Install - Organic,23283
2026-03-01T00:00:00Z,TOTAL,191987
2026-03-01T00:00:00Z,New - Paid,98213
2026-03-01T00:00:00Z,No Device ID - Paid,0
2026-03-01T00:00:00Z,Re-Install - Paid,26340
2026-02-01T00:00:00Z,Re-Install - Paid,21678
2026-02-01T00:00:00Z,No Device ID - Organic,0
2026-02-01T00:00:00Z,New - Organic,36595
2026-02-01T00:00:00Z,TOTAL,167492
2026-02-01T00:00:00Z,No Device ID - Paid,0
2026-02-01T00:00:00Z,Re-Install - Organic,19594
2026-02-01T00:00:00Z,New - Paid,89625
2026-01-01T00:00:00Z,TOTAL,205848
2026-01-01T00:00:00Z,No Device ID - Organic,0
2026-01-01T00:00:00Z,New - Organic,49247
2026-01-01T00:00:00Z,Re-Install - Organic,24042
2026-01-01T00:00:00Z,New - Paid,105659
2026-01-01T00:00:00Z,No Device ID - Paid,0
2026-01-01T00:00:00Z,Re-Install - Paid,26900
2025-12-01T00:00:00Z,TOTAL,176161
2025-12-01T00:00:00Z,No Device ID - Organic,0
2025-12-01T00:00:00Z,New - Organic,41492
2025-12-01T00:00:00Z,New - Paid,88500
2025-12-01T00:00:00Z,Re-Install - Organic,21918
2025-12-01T00:00:00Z,Re-Install - Paid,24251
2025-12-01T00:00:00Z,No Device ID - Paid,0
2025-11-01T00:00:00Z,New - Organic,39280
2025-11-01T00:00:00Z,Re-Install - Organic,21487
2025-11-01T00:00:00Z,TOTAL,172977
2025-11-01T00:00:00Z,Re-Install - Paid,23243
2025-11-01T00:00:00Z,No Device ID - Paid,0
2025-11-01T00:00:00Z,No Device ID - Organic,0
2025-11-01T00:00:00Z,New - Paid,88967
2025-10-01T00:00:00Z,TOTAL,161469
2025-10-01T00:00:00Z,No Device ID - Organic,0
2025-10-01T00:00:00Z,New - Paid,76169
2025-10-01T00:00:00Z,New - Organic,42608
2025-10-01T00:00:00Z,Re-Install - Organic,22093
2025-10-01T00:00:00Z,No Device ID - Paid,0
2025-10-01T00:00:00Z,Re-Install - Paid,20599
2025-09-01T00:00:00Z,New - Organic,42785
2025-09-01T00:00:00Z,New - Paid,76649
2025-09-01T00:00:00Z,TOTAL,164484
2025-09-01T00:00:00Z,No Device ID - Organic,0
2025-09-01T00:00:00Z,No Device ID - Paid,0
2025-09-01T00:00:00Z,Re-Install - Paid,22108
2025-09-01T00:00:00Z,Re-Install - Organic,22942
2025-08-01T00:00:00Z,No Device ID - Paid,0
2025-08-01T00:00:00Z,TOTAL,190782
2025-08-01T00:00:00Z,No Device ID - Organic,0
2025-08-01T00:00:00Z,New - Paid,90009
2025-08-01T00:00:00Z,New - Organic,48340
2025-08-01T00:00:00Z,Re-Install - Paid,27290
2025-08-01T00:00:00Z,Re-Install - Organic,25143
2025-07-01T00:00:00Z,TOTAL,200132
2025-07-01T00:00:00Z,Re-Install - Organic,26347
2025-07-01T00:00:00Z,New - Paid,92705
2025-07-01T00:00:00Z,New - Organic,53392
2025-07-01T00:00:00Z,Re-Install - Paid,27688
2025-07-01T00:00:00Z,No Device ID - Organic,0
2025-07-01T00:00:00Z,No Device ID - Paid,0
2025-06-01T00:00:00Z,TOTAL,175350
2025-06-01T00:00:00Z,No Device ID - Paid,0
2025-06-01T00:00:00Z,Re-Install - Paid,21060
2025-06-01T00:00:00Z,New - Paid,75426
2025-06-01T00:00:00Z,Re-Install - Organic,25503
2025-06-01T00:00:00Z,New - Organic,53361
2025-06-01T00:00:00Z,No Device ID - Organic,0
2025-05-01T00:00:00Z,Re-Install - Organic,25191
2025-05-01T00:00:00Z,New - Organic,53120
2025-05-01T00:00:00Z,New - Paid,78533
2025-05-01T00:00:00Z,No Device ID - Paid,0
2025-05-01T00:00:00Z,TOTAL,178917
2025-05-01T00:00:00Z,Re-Install - Paid,22073
2025-05-01T00:00:00Z,No Device ID - Organic,0
2025-04-01T00:00:00Z,TOTAL,157798
2025-04-01T00:00:00Z,No Device ID - Paid,0
2025-04-01T00:00:00Z,New - Paid,66308
2025-04-01T00:00:00Z,Re-Install - Paid,19730
2025-04-01T00:00:00Z,Re-Install - Organic,23107
2025-04-01T00:00:00Z,No Device ID - Organic,0
2025-04-01T00:00:00Z,New - Organic,48653
2025-03-01T00:00:00Z,No Device ID - Paid,0
2025-03-01T00:00:00Z,Re-Install - Paid,18541
2025-03-01T00:00:00Z,Re-Install - Organic,23780
2025-03-01T00:00:00Z,New - Paid,60830
2025-03-01T00:00:00Z,TOTAL,154904
2025-03-01T00:00:00Z,New - Organic,51753
2025-03-01T00:00:00Z,No Device ID - Organic,0
2025-02-01T00:00:00Z,New - Organic,44445
2025-02-01T00:00:00Z,No Device ID - Organic,0
2025-02-01T00:00:00Z,Re-Install - Paid,15118
2025-02-01T00:00:00Z,No Device ID - Paid,0
2025-02-01T00:00:00Z,New - Paid,56790
2025-02-01T00:00:00Z,Re-Install - Organic,20754
2025-02-01T00:00:00Z,TOTAL,137107
2025-01-01T00:00:00Z,New - Organic,55695
2025-01-01T00:00:00Z,No Device ID - Organic,0
2025-01-01T00:00:00Z,No Device ID - Paid,0
2025-01-01T00:00:00Z,New - Paid,74924
2025-01-01T00:00:00Z,Re-Install - Paid,20107
2025-01-01T00:00:00Z,TOTAL,175339
2025-01-01T00:00:00Z,Re-Install - Organic,24613
2024-12-01T00:00:00Z,TOTAL,144330
2024-12-01T00:00:00Z,No Device ID - Paid,0
2024-12-01T00:00:00Z,New - Paid,56515
2024-12-01T00:00:00Z,No Device ID - Organic,0
2024-12-01T00:00:00Z,Re-Install - Paid,18060
2024-12-01T00:00:00Z,New - Organic,47323
2024-12-01T00:00:00Z,Re-Install - Organic,22432
2024-11-01T00:00:00Z,New - Organic,45858
2024-11-01T00:00:00Z,Re-Install - Paid,19457
2024-11-01T00:00:00Z,New - Paid,67394
2024-11-01T00:00:00Z,No Device ID - Organic,0
2024-11-01T00:00:00Z,No Device ID - Paid,0
2024-11-01T00:00:00Z,Re-Install - Organic,20971
2024-11-01T00:00:00Z,TOTAL,153680
2024-10-01T00:00:00Z,TOTAL,152030
2024-10-01T00:00:00Z,Re-Install - Organic,22031
2024-10-01T00:00:00Z,No Device ID - Organic,0
2024-10-01T00:00:00Z,New - Organic,51545
2024-10-01T00:00:00Z,No Device ID - Paid,0
2024-10-01T00:00:00Z,New - Paid,62548
2024-10-01T00:00:00Z,Re-Install - Paid,15906
2024-09-01T00:00:00Z,New - Paid,64829
2024-09-01T00:00:00Z,TOTAL,165158
2024-09-01T00:00:00Z,Re-Install - Paid,17415
2024-09-01T00:00:00Z,Re-Install - Organic,23945
2024-09-01T00:00:00Z,No Device ID - Paid,0
2024-09-01T00:00:00Z,No Device ID - Organic,0
2024-09-01T00:00:00Z,New - Organic,58969
2024-08-01T00:00:00Z,TOTAL,178972
2024-08-01T00:00:00Z,New - Organic,63184
2024-08-01T00:00:00Z,Re-Install - Paid,19392
2024-08-01T00:00:00Z,New - Paid,71593
2024-08-01T00:00:00Z,No Device ID - Paid,0
2024-08-01T00:00:00Z,Re-Install - Organic,24803
2024-08-01T00:00:00Z,No Device ID - Organic,0
2024-07-01T00:00:00Z,No Device ID - Paid,0
2024-07-01T00:00:00Z,No Device ID - Organic,0
2024-07-01T00:00:00Z,New - Paid,72865
2024-07-01T00:00:00Z,Re-Install - Organic,24564
2024-07-01T00:00:00Z,New - Organic,69181
2024-07-01T00:00:00Z,Re-Install - Paid,18806
2024-07-01T00:00:00Z,TOTAL,185416
2024-06-01T00:00:00Z,TOTAL,179983
2024-06-01T00:00:00Z,Re-Install - Paid,17525
2024-06-01T00:00:00Z,Re-Install - Organic,23031
2024-06-01T00:00:00Z,No Device ID - Paid,0
2024-06-01T00:00:00Z,New - Organic,66024
2024-06-01T00:00:00Z,New - Paid,73403
2024-06-01T00:00:00Z,No Device ID - Organic,0
2024-05-01T00:00:00Z,Re-Install - Organic,22906
2024-05-01T00:00:00Z,TOTAL,172165
2024-05-01T00:00:00Z,New - Paid,67053
2024-05-01T00:00:00Z,No Device ID - Paid,0
2024-05-01T00:00:00Z,No Device ID - Organic,0
2024-05-01T00:00:00Z,Re-Install - Paid,16177
2024-05-01T00:00:00Z,New - Organic,66029
2024-04-01T00:00:00Z,TOTAL,176895
2024-04-01T00:00:00Z,Re-Install - Organic,21836
2024-04-01T00:00:00Z,New - Paid,73849
2024-04-01T00:00:00Z,Re-Install - Paid,17749
2024-04-01T00:00:00Z,No Device ID - Organic,0
2024-04-01T00:00:00Z,No Device ID - Paid,0
2024-04-01T00:00:00Z,New - Organic,63461
2024-03-01T00:00:00Z,New - Organic,60307
2024-03-01T00:00:00Z,No Device ID - Paid,0
2024-03-01T00:00:00Z,TOTAL,160375
2024-03-01T00:00:00Z,No Device ID - Organic,0
2024-03-01T00:00:00Z,Re-Install - Paid,15971
2024-03-01T00:00:00Z,New - Paid,63149
2024-03-01T00:00:00Z,Re-Install - Organic,20948
2024-02-01T00:00:00Z,TOTAL,148331
2024-02-01T00:00:00Z,Re-Install - Paid,14902
2024-02-01T00:00:00Z,New - Organic,55635
2024-02-01T00:00:00Z,Re-Install - Organic,19062
2024-02-01T00:00:00Z,No Device ID - Paid,0
2024-02-01T00:00:00Z,New - Paid,58732
2024-02-01T00:00:00Z,No Device ID - Organic,0
2024-01-01T00:00:00Z,Re-Install - Paid,16198
2024-01-01T00:00:00Z,New - Organic,65043
2024-01-01T00:00:00Z,New - Paid,77524
2024-01-01T00:00:00Z,No Device ID - Organic,0
2024-01-01T00:00:00Z,TOTAL,179857
2024-01-01T00:00:00Z,Re-Install - Organic,21092
2024-01-01T00:00:00Z,No Device ID - Paid,0
2023-12-01T00:00:00Z,Re-Install - Organic,20189
2023-12-01T00:00:00Z,Re-Install - Paid,14346
2023-12-01T00:00:00Z,New - Paid,71915
2023-12-01T00:00:00Z,TOTAL,167756
2023-12-01T00:00:00Z,No Device ID - Paid,0
2023-12-01T00:00:00Z,No Device ID - Organic,0
2023-12-01T00:00:00Z,New - Organic,61306
2023-11-01T00:00:00Z,Re-Install - Organic,15013
2023-11-01T00:00:00Z,Re-Install - Paid,11623
2023-11-01T00:00:00Z,TOTAL,147347
2023-11-01T00:00:00Z,New - Organic,53154
2023-11-01T00:00:00Z,No Device ID - Paid,0
2023-11-01T00:00:00Z,No Device ID - Organic,0
2023-11-01T00:00:00Z,New - Paid,67557
2023-10-01T00:00:00Z,Re-Install - Organic,11806
2023-10-01T00:00:00Z,Re-Install - Paid,10916
2023-10-01T00:00:00Z,New - Paid,70676
2023-10-01T00:00:00Z,No Device ID - Organic,0
2023-10-01T00:00:00Z,New - Organic,59259
2023-10-01T00:00:00Z,TOTAL,152657
2023-10-01T00:00:00Z,No Device ID - Paid,0
2023-09-01T00:00:00Z,New - Paid,77364
2023-09-01T00:00:00Z,Re-Install - Paid,10776
2023-09-01T00:00:00Z,Re-Install - Organic,10024
2023-09-01T00:00:00Z,No Device ID - Organic,0
2023-09-01T00:00:00Z,No Device ID - Paid,0
2023-09-01T00:00:00Z,New - Organic,57063
2023-09-01T00:00:00Z,TOTAL,155227
2023-08-01T00:00:00Z,Re-Install - Organic,11317
2023-08-01T00:00:00Z,New - Paid,87000
2023-08-01T00:00:00Z,No Device ID - Paid,0
2023-08-01T00:00:00Z,New - Organic,65113
2023-08-01T00:00:00Z,Re-Install - Paid,10315
2023-08-01T00:00:00Z,TOTAL,173745
2023-08-01T00:00:00Z,No Device ID - Organic,0
2023-07-01T00:00:00Z,Re-Install - Organic,12400
2023-07-01T00:00:00Z,TOTAL,186335
2023-07-01T00:00:00Z,New - Paid,90361
2023-07-01T00:00:00Z,No Device ID - Paid,0
2023-07-01T00:00:00Z,No Device ID - Organic,0
2023-07-01T00:00:00Z,Re-Install - Paid,10986
2023-07-01T00:00:00Z,New - Organic,72588
2023-06-01T00:00:00Z,Re-Install - Paid,9404
2023-06-01T00:00:00Z,TOTAL,170335
2023-06-01T00:00:00Z,New - Paid,76466
2023-06-01T00:00:00Z,No Device ID - Paid,0
2023-06-01T00:00:00Z,Re-Install - Organic,12136
2023-06-01T00:00:00Z,New - Organic,72329
2023-06-01T00:00:00Z,No Device ID - Organic,0
2023-05-01T00:00:00Z,TOTAL,159565
2023-05-01T00:00:00Z,No Device ID - Paid,0
2023-05-01T00:00:00Z,No Device ID - Organic,0
2023-05-01T00:00:00Z,New - Organic,69633
2023-05-01T00:00:00Z,New - Paid,69493
2023-05-01T00:00:00Z,Re-Install - Paid,8440
2023-05-01T00:00:00Z,Re-Install - Organic,11999
2023-04-01T00:00:00Z,No Device ID - Paid,0
2023-04-01T00:00:00Z,New - Organic,67734
2023-04-01T00:00:00Z,Re-Install - Organic,10689
2023-04-01T00:00:00Z,New - Paid,71693
2023-04-01T00:00:00Z,TOTAL,157956
2023-04-01T00:00:00Z,Re-Install - Paid,7840
2023-04-01T00:00:00Z,No Device ID - Organic,0
