month,city_name,user_base
"March 1, 2026",Bangalore,"385,430"
"March 1, 2026",Hyderabad,"192,916"
"March 1, 2026",,"155,871"
"March 1, 2026",Gurgaon,"134,338"
"March 1, 2026",Mumbai,"43,664"
"March 1, 2026",Pune,"38,114"
"March 1, 2026",Chennai,"9,972"
"March 1, 2026",Navi_Mum_And_Thane,"4,404"
"March 1, 2026",Lucknow,"3,404"
"March 1, 2026",Mysore,"2,062"
"March 1, 2026",Bhubaneswar,"1,561"
"March 1, 2026",Chandigarh,"1,482"
"March 1, 2026",Coimbatore,"1,388"
"March 1, 2026",Jammu,"1,353"
"March 1, 2026",Jaipur,"1,335"
"March 1, 2026",Gulbarga,"1,099"
"March 1, 2026",Nagpur,996
"March 1, 2026",Visakhapatnam,995
"March 1, 2026",Kanpur,781
"March 1, 2026",Jabalpur,702
"March 1, 2026",Kota,693
"March 1, 2026",Bhopal,621
"March 1, 2026",Tumkur,615
"March 1, 2026",Patna,514
"March 1, 2026",Mangalore,513
"March 1, 2026",Kochi,403
"March 1, 2026",Indore,393
"March 1, 2026",Bathinda,391
"March 1, 2026",Moradabad,380
"March 1, 2026",Siliguri,300
"March 1, 2026",Belgaum,149
"March 1, 2026",Ahmedabad,62
"March 1, 2026",Kolkata,41
"March 1, 2026",Dehradun,12
"March 1, 2026",Ranchi,11
"March 1, 2026",Amritsar,10
"March 1, 2026",Ludhiana,9
"March 1, 2026",Jamshedpur,7
"March 1, 2026",Allahabad,7
"March 1, 2026",Khanna,3
"March 1, 2026",Agra,3
"March 1, 2026",Roorkee,3
"March 1, 2026",Nashik,3
"March 1, 2026",Guwahati,3
"March 1, 2026",Bareilly,2
"March 1, 2026",Rourkela,1
"March 1, 2026",Bilaspur,1
"March 1, 2026",Muzaffarpur,1
"March 1, 2026",Vadodara,1
"March 1, 2026",Surat,1
"February 1, 2026",Bangalore,"386,630"
"February 1, 2026",Hyderabad,"191,532"
"February 1, 2026",,"145,894"
"February 1, 2026",Gurgaon,"133,259"
"February 1, 2026",Mumbai,"43,641"
"February 1, 2026",Pune,"36,974"
"February 1, 2026",Chennai,"9,603"
"February 1, 2026",Navi_Mum_And_Thane,"4,363"
"February 1, 2026",Lucknow,"3,189"
"February 1, 2026",Mysore,"2,011"
"February 1, 2026",Bhubaneswar,"1,552"
"February 1, 2026",Chandigarh,"1,517"
"February 1, 2026",Jaipur,"1,400"
"February 1, 2026",Jammu,"1,332"
"February 1, 2026",Coimbatore,"1,291"
"February 1, 2026",Gulbarga,"1,131"
"February 1, 2026",Visakhapatnam,"1,001"
"February 1, 2026",Nagpur,993
"February 1, 2026",Kanpur,770
"February 1, 2026",Jabalpur,717
"February 1, 2026",Kota,711
"February 1, 2026",Bhopal,616
"February 1, 2026",Tumkur,610
"February 1, 2026",Patna,529
"February 1, 2026",Mangalore,518
"February 1, 2026",Kochi,411
"February 1, 2026",Moradabad,399
"February 1, 2026",Indore,396
"February 1, 2026",Bathinda,388
"February 1, 2026",Siliguri,315
"February 1, 2026",Belgaum,162
"February 1, 2026",Ahmedabad,55
"February 1, 2026",Kolkata,46
"February 1, 2026",Dehradun,16
"February 1, 2026",Ranchi,11
"February 1, 2026",Amritsar,10
"February 1, 2026",Nashik,5
"February 1, 2026",Roorkee,5
"February 1, 2026",Jamshedpur,5
"February 1, 2026",Allahabad,5
"February 1, 2026",Ludhiana,4
"February 1, 2026",Rourkela,4
"February 1, 2026",Agra,4
"February 1, 2026",Guwahati,3
"February 1, 2026",Bareilly,3
"February 1, 2026",Khanna,3
"February 1, 2026",Muzaffarpur,1
"February 1, 2026",Shillong,1
"February 1, 2026",Vadodara,1
"February 1, 2026",Surat,1
"February 1, 2026",Bilaspur,1
"January 1, 2026",Bangalore,"385,765"
"January 1, 2026",Hyderabad,"188,605"
"January 1, 2026",,"137,035"
"January 1, 2026",Gurgaon,"133,371"
"January 1, 2026",Mumbai,"43,652"
"January 1, 2026",Pune,"36,160"
"January 1, 2026",Chennai,"9,212"
"January 1, 2026",Navi_Mum_And_Thane,"4,372"
"January 1, 2026",Lucknow,"2,961"
"January 1, 2026",Mysore,"1,963"
"January 1, 2026",Bhubaneswar,"1,605"
"January 1, 2026",Chandigarh,"1,547"
"January 1, 2026",Jaipur,"1,423"
"January 1, 2026",Jammu,"1,329"
"January 1, 2026",Coimbatore,"1,197"
"January 1, 2026",Gulbarga,"1,142"
"January 1, 2026",Nagpur,986
"January 1, 2026",Visakhapatnam,966
"January 1, 2026",Kanpur,767
"January 1, 2026",Jabalpur,720
"January 1, 2026",Kota,712
"January 1, 2026",Bhopal,624
"January 1, 2026",Tumkur,614
"January 1, 2026",Patna,544
"January 1, 2026",Mangalore,517
"January 1, 2026",Indore,419
"January 1, 2026",Kochi,402
"January 1, 2026",Moradabad,397
"January 1, 2026",Bathinda,377
"January 1, 2026",Siliguri,317
"January 1, 2026",Belgaum,167
"January 1, 2026",Ahmedabad,53
"January 1, 2026",Kolkata,48
"January 1, 2026",Bilaspur,40
"January 1, 2026",Dehradun,16
"January 1, 2026",Ranchi,13
"January 1, 2026",Amritsar,9
"January 1, 2026",Roorkee,7
"January 1, 2026",Ludhiana,6
"January 1, 2026",Guwahati,5
"January 1, 2026",Rourkela,5
"January 1, 2026",Nashik,5
"January 1, 2026",Bareilly,5
"January 1, 2026",Jamshedpur,5
"January 1, 2026",Allahabad,4
"January 1, 2026",Agra,4
"January 1, 2026",Khanna,3
"January 1, 2026",Vadodara,1
"January 1, 2026",Shillong,1
"January 1, 2026",Surat,1
"January 1, 2026",Rajahmundry,1
"January 1, 2026",Muzaffarpur,1
"December 1, 2025",Bangalore,"373,090"
"December 1, 2025",Hyderabad,"182,077"
"December 1, 2025",Gurgaon,"132,636"
"December 1, 2025",,"125,830"
"December 1, 2025",Mumbai,"43,090"
"December 1, 2025",Pune,"33,653"
"December 1, 2025",Chennai,"8,748"
"December 1, 2025",Navi_Mum_And_Thane,"4,259"
"December 1, 2025",Lucknow,"2,368"
"December 1, 2025",Mysore,"1,907"
"December 1, 2025",Bhubaneswar,"1,629"
"December 1, 2025",Chandigarh,"1,508"
"December 1, 2025",Jaipur,"1,437"
"December 1, 2025",Jammu,"1,307"
"December 1, 2025",Gulbarga,"1,144"
"December 1, 2025",Coimbatore,"1,087"
"December 1, 2025",Nagpur,"1,022"
"December 1, 2025",Visakhapatnam,957
"December 1, 2025",Kanpur,759
"December 1, 2025",Kota,733
"December 1, 2025",Jabalpur,702
"December 1, 2025",Bhopal,644
"December 1, 2025",Tumkur,623
"December 1, 2025",Patna,552
"December 1, 2025",Mangalore,520
"December 1, 2025",Kochi,416
"December 1, 2025",Moradabad,405
"December 1, 2025",Indore,400
"December 1, 2025",Bathinda,384
"December 1, 2025",Siliguri,319
"December 1, 2025",Belgaum,176
"December 1, 2025",Khanna,57
"December 1, 2025",Ahmedabad,53
"December 1, 2025",Kolkata,52
"December 1, 2025",Bilaspur,40
"December 1, 2025",Dehradun,17
"December 1, 2025",Ranchi,9
"December 1, 2025",Amritsar,7
"December 1, 2025",Rourkela,6
"December 1, 2025",Jamshedpur,6
"December 1, 2025",Roorkee,6
"December 1, 2025",Ludhiana,5
"December 1, 2025",Nashik,5
"December 1, 2025",Bareilly,5
"December 1, 2025",Allahabad,4
"December 1, 2025",Rajahmundry,4
"December 1, 2025",Guwahati,4
"December 1, 2025",Agra,4
"December 1, 2025",Vadodara,2
"December 1, 2025",Muzaffarpur,1
"December 1, 2025",Surat,1
"December 1, 2025",Shillong,1
"December 1, 2025",Latur,1
"December 1, 2025",Sangli,1
"November 1, 2025",Bangalore,"374,825"
"November 1, 2025",Hyderabad,"181,047"
"November 1, 2025",Gurgaon,"133,931"
"November 1, 2025",,"124,850"
"November 1, 2025",Mumbai,"43,380"
"November 1, 2025",Pune,"33,302"
"November 1, 2025",Chennai,"8,400"
"November 1, 2025",Navi_Mum_And_Thane,"4,246"
"November 1, 2025",Lucknow,"2,324"
"November 1, 2025",Mysore,"1,887"
"November 1, 2025",Bhubaneswar,"1,684"
"November 1, 2025",Jaipur,"1,510"
"November 1, 2025",Chandigarh,"1,497"
"November 1, 2025",Jammu,"1,317"
"November 1, 2025",Gulbarga,"1,179"
"November 1, 2025",Coimbatore,"1,059"
"November 1, 2025",Nagpur,"1,033"
"November 1, 2025",Visakhapatnam,967
"November 1, 2025",Kota,781
"November 1, 2025",Kanpur,770
"November 1, 2025",Jabalpur,704
"November 1, 2025",Bhopal,665
"November 1, 2025",Tumkur,656
"November 1, 2025",Patna,580
"November 1, 2025",Mangalore,520
"November 1, 2025",Indore,437
"November 1, 2025",Kochi,428
"November 1, 2025",Moradabad,405
"November 1, 2025",Bathinda,385
"November 1, 2025",Siliguri,316
"November 1, 2025",Belgaum,210
"November 1, 2025",Kolkata,52
"November 1, 2025",Ahmedabad,47
"November 1, 2025",Bilaspur,41
"November 1, 2025",Dehradun,15
"November 1, 2025",Ranchi,9
"November 1, 2025",Allahabad,7
"November 1, 2025",Jamshedpur,7
"November 1, 2025",Rourkela,7
"November 1, 2025",Amritsar,6
"November 1, 2025",Roorkee,6
"November 1, 2025",Nashik,6
"November 1, 2025",Bareilly,5
"November 1, 2025",Rajahmundry,5
"November 1, 2025",Agra,4
"November 1, 2025",Ludhiana,4
"November 1, 2025",Guwahati,4
"November 1, 2025",Vadodara,2
"November 1, 2025",Surat,1
"November 1, 2025",Latur,1
"November 1, 2025",Muzaffarpur,1
"November 1, 2025",Sangli,1
"November 1, 2025",Khanna,1
"November 1, 2025",Shillong,1
"October 1, 2025",Bangalore,"372,605"
"October 1, 2025",Hyderabad,"179,547"
"October 1, 2025",Gurgaon,"135,136"
"October 1, 2025",,"120,731"
"October 1, 2025",Mumbai,"43,478"
"October 1, 2025",Pune,"32,657"
"October 1, 2025",Chennai,"8,029"
"October 1, 2025",Navi_Mum_And_Thane,"4,223"
"October 1, 2025",Lucknow,"2,252"
"October 1, 2025",Mysore,"1,804"
"October 1, 2025",Bhubaneswar,"1,719"
"October 1, 2025",Jaipur,"1,501"
"October 1, 2025",Chandigarh,"1,476"
"October 1, 2025",Jammu,"1,381"
"October 1, 2025",Gulbarga,"1,241"
"October 1, 2025",Nagpur,"1,044"
"October 1, 2025",Coimbatore,"1,006"
"October 1, 2025",Visakhapatnam,954
"October 1, 2025",Kota,807
"October 1, 2025",Kanpur,786
"October 1, 2025",Jabalpur,716
"October 1, 2025",Tumkur,668
"October 1, 2025",Bhopal,664
"October 1, 2025",Patna,596
"October 1, 2025",Mangalore,524
"October 1, 2025",Indore,456
"October 1, 2025",Kochi,423
"October 1, 2025",Moradabad,407
"October 1, 2025",Bathinda,393
"October 1, 2025",Siliguri,314
"October 1, 2025",Belgaum,249
"October 1, 2025",Kolkata,52
"October 1, 2025",Ahmedabad,48
"October 1, 2025",Bilaspur,43
"October 1, 2025",Dehradun,17
"October 1, 2025",Ranchi,10
"October 1, 2025",Rourkela,9
"October 1, 2025",Allahabad,7
"October 1, 2025",Rajahmundry,6
"October 1, 2025",Nashik,6
"October 1, 2025",Jamshedpur,6
"October 1, 2025",Agra,5
"October 1, 2025",Bareilly,5
"October 1, 2025",Amritsar,5
"October 1, 2025",Roorkee,5
"October 1, 2025",Guwahati,4
"October 1, 2025",Ludhiana,4
"October 1, 2025",Vadodara,3
"October 1, 2025",Sangli,2
"October 1, 2025",Khanna,1
"October 1, 2025",Muzaffarpur,1
"October 1, 2025",Latur,1
"October 1, 2025",Surat,1
"October 1, 2025",Shillong,1
"September 1, 2025",Bangalore,"370,852"
"September 1, 2025",Hyderabad,"178,001"
"September 1, 2025",Gurgaon,"137,307"
"September 1, 2025",,"121,628"
"September 1, 2025",Mumbai,"44,210"
"September 1, 2025",Pune,"32,602"
"September 1, 2025",Chennai,"7,770"
"September 1, 2025",Navi_Mum_And_Thane,"4,223"
"September 1, 2025",Lucknow,"2,102"
"September 1, 2025",Bhubaneswar,"1,726"
"September 1, 2025",Mysore,"1,665"
"September 1, 2025",Jaipur,"1,574"
"September 1, 2025",Chandigarh,"1,492"
"September 1, 2025",Jammu,"1,375"
"September 1, 2025",Gulbarga,"1,341"
"September 1, 2025",Nagpur,"1,058"
"September 1, 2025",Coimbatore,"1,033"
"September 1, 2025",Visakhapatnam,964
"September 1, 2025",Kota,823
"September 1, 2025",Kanpur,813
"September 1, 2025",Jabalpur,733
"September 1, 2025",Tumkur,673
"September 1, 2025",Bhopal,657
"September 1, 2025",Patna,605
"September 1, 2025",Mangalore,532
"September 1, 2025",Indore,482
"September 1, 2025",Kochi,421
"September 1, 2025",Moradabad,420
"September 1, 2025",Bathinda,389
"September 1, 2025",Siliguri,313
"September 1, 2025",Belgaum,287
"September 1, 2025",Kolkata,65
"September 1, 2025",Ahmedabad,52
"September 1, 2025",Bilaspur,44
"September 1, 2025",Dehradun,21
"September 1, 2025",Agra,12
"September 1, 2025",Ranchi,12
"September 1, 2025",Rourkela,10
"September 1, 2025",Bareilly,9
"September 1, 2025",Allahabad,9
"September 1, 2025",Jamshedpur,9
"September 1, 2025",Guwahati,7
"September 1, 2025",Nashik,7
"September 1, 2025",Ludhiana,6
"September 1, 2025",Rajahmundry,6
"September 1, 2025",Roorkee,5
"September 1, 2025",Amritsar,5
"September 1, 2025",Vadodara,2
"September 1, 2025",Shillong,2
"September 1, 2025",Muzaffarpur,2
"September 1, 2025",Sangli,2
"September 1, 2025",Khanna,2
"September 1, 2025",Imphal,2
"September 1, 2025",Surat,1
"September 1, 2025",Latur,1
