,,,,,,,,,,,,,,,,,
,Sl. No,Metric,Definition,,Status,Timeline,PoC,,Units,FY23,FY24,FY25,FY26,9MFY25,9MFY26,Source,Data limitations
,1,# Centers,No. of fitness centers as on end of the period,Total number of fitness centers at the end of the relevant period/year.,Done,Done,Finance,,#,,605,697,708,,,Center level P&L,
,2,# Centers split by Supply type,No. of fitness centers by supply type as on end of the period,Total number of fitness centers by supply type at the end of the relevant period/year.,Done,Done,Finance,,#,"Refer to ""Business section metrics - Responses"" sheet",,,,,,Center level P&L,
,3,# Centers split by SKU,No. of fitness centers by SKU type as on end of the period,Total number of fitness centers by SKU type at the end of the relevant period/year.,Done,Done,Finance,,#,"Refer to ""Business section metrics - Responses"" sheet",,,,,,Center level P&L,
,4,# Centers split by cities,No. of fitness cities by city as on end of the period,Total number of fitness centers by city at the end of the relevant period/year.,Done,Done,Finance,,#,"Refer to ""Business section metrics - Responses"" sheet",,,,,,Center level P&L,
,5,# Centers split by Brand,No. of fitness cities by brand type as on end of the period,Total number of fitness centers by brand at the end of the relevant period/year.,Done,Done,Finance,,#,"Refer to ""Business section metrics - Responses"" sheet",,,,,,Center level P&L,
,6,# Cities,No. of cities in which Cult's fitness centers are present as on end of the period,Total number of fitness centres distributed across cities at the end of the relevant period/year,Done,Done,Finance,,#,,,,76,,,Center level P&L,
,7,# Subscribers,# members whose pack is active as on the end of period,Total number of CultPass subscribers with an active paid subscription as at the end of the relevant period/year.,Done,Done,Analytics,,#,"527,876","664,590","784,907","983,234","753,194","910,436","https://metabase.curefit.co/question/75109-memberships-by-each-business-line-end-of-each-month-including-all-packs?start_date=2025-09-01&end_date=2026-01-31;
https://docs.google.com/spreadsheets/d/1g3Qe9kRqUWMEIENNAjYpx-aJpZabPx99/edit?gid=1209808351#gid=1209808351
https://docs.google.com/spreadsheets/d/1g3Qe9kRqUWMEIENNAjYpx-aJpZabPx99/edit?gid=1209808351#gid=1209808351https://docs.google.com/spreadsheets/d/1eVGGUyReQgXWPsQ0a7QRLidKy3EsqC2azaFeI3GByqk/edit?gid=0#gid=0",
,8,# Subscribers split by type,# members by city whose pack is active as on the end of period,Split of of CultPass subscribers with an active paid subscription as at the end of the relevant period/year. by city ,Done,Done,Analytics,,#,,"Refer to ""Business section metrics - Responses"" sheet",,,,,https://metabase.curefit.co/question/77280-memberships-by-each-business-line-end-of-each-month-including-all-packs-city-level?start_date=2025-09-12&end_date=2026-03-12,
,9,# Sessions/MAU/month,# avg. fitness sessions per active user per month during a period of time,"Average number of fitness sessions that active fitness services members have completed in a month, for the relevant period/year.
Active members/month are members who have done at least one session in each month during the period",Done,Done,Analytics,,#,9.98,9.93,9.98,10.14,9.93,10.09,https://metabase.curefit.co/question/75114-monthly-active-memberships-elite-pro-play-lux?Start_Date=2023-04-01&end_date=2025-12-31,Lux not included; Analytics working oin including Athome no.s
,10,# Center footfalls,# fitness sessions during the period of time,Total number of fitness sessions conducted at the fitness centers during the relevant period/year.,Done,Done,Analytics,,#,"26,831,276","35,133,689","44,763,028","51,837,184","35,965,874","44,511,344","https://metabase.curefit.co/question/55566-footfalls-grained?Start_Date=2023-01-01&End_Date=2024-11-12&grain=quarter; 
https://metabase.curefit.co/question/75753-at-home-footfalls?grain=month",Lux not included
,11,First time user % ,% of users till that date whose first fitness membership is with Cult,Percentage of the Company’s users up to the relevant date whose first fitness membership was with the Company divided by total users up to that date.,Done,Done,Analytics,,%,,,,46%,,46%,https://metabase.curefit.co/question/47810-which-of-these-below-mentioned-statements-best-describes-your-fitness-history,Lux not included
,12,Female Ratio %,% of female users out of all users acquired till that date & have disclosed their gender,Female User Mix is computed as the number of female users acquired till the end of the relevant period/year divided by the total users acquired till the end of such period/year who have disclosed their gende,Done,Done,Analytics,,%,38%,,,34%,32%,34%,https://metabase.curefit.co/question/75630-gender-split?ed=2023-03-31,Includes LUX
,13,Pack Pricing,"Live pricing in respective cities for 3M, 6M & 9M duration","Live Pricing represents the prevailing membership fees charged across its centres in respective cities for membership durations of 3 months, 6 months and 9 months, as applicable at the end of the relevant period/year",Done,Done,NA,,INR,"Refer to ""Business section metrics - Responses"" sheet",,,,,,Cult App,
,14,% 12M packs sold,No. of packs with 12M+ duration sold / Total no. of packs sold during the period,"Total number of membership packs with a duration of 12 months or more, divided by the total membership packs sold during the relevant period/year",Done,Done,Analytics,,%,,73%,79%,85%,,,"https://metabase.curefit.co/question/83969-12m-packs-sold-monthly-jun-2026?Start_Date=2023-04-01&End_Date=2026-03-31;
https://docs.google.com/spreadsheets/d/1fma57grgBcmMQHkLDKkCtcuz7WMoC6He/edit?usp=drive_web&ouid=116981787178806296143&rtpof=true
",
,15,Cultpass data on % members using multiple centers,% of user who has used more than one centers till that date,Percentage of subscribers who has used more than one center during the relevant period/year,Done,Done,Analytics,,%,52.7%,,,64%,61.1%,63.0%,https://metabase.curefit.co/question/75647-same-center-vs-other-center?Last_date=2026-02-09,Lux not included
,16,Cultpass data on % members using multiple cities,% of user who has worked out in more than one cities till that date,Percentage of subscribers who has used fitness center in more than one city during the relevant period/year,Done,Done,Analytics,,%,5.8%,,,6%,6.1%,6.2%,https://metabase.curefit.co/question/75650-same-city-vs-other-city-modified?Last_date=2026-02-09,Lux not included
,17,Cultpass data on % members using multiple formats,% of user who has used more than one formats till that date,Percentage of subscribers who has used more than one format during the relevant period/year,Done,Done,Analytics,,%,,,,47%,,48%,https://metabase.curefit.co/question/75654-gx-formats?Last_date=2025-12-31,Lux not included
,18,% of users who have availed pause option ,"% of users who have availed pause option out of all the users, till the end of the specified period",Percentage of subscribers who has used pause option during the relevant period/year,Done,Done,Analytics,,%,8%,,,28%,35%,39%,https://metabase.curefit.co/question/75628-pauses-extensions?ed=2025-12-31,
,19,# Centers with ISO certifications,Total number of centers which has availed ISO certifications at the end of the relevant period/year,Total number of centers which has availed ISO certifications at the end of the relevant period/year,Done,Done,Email,,#,,,,46%,,,Suchet's email,
,21,Session rating out of 4,Average session rating received from the users out of 4 during the relevant period/year,Average session rating received from the users out of 4 during the relevant period/year,Done,Done,Analytics,,Rating out of 4,3.81,3.78,3.77,3.78,3.78,3.78,https://metabase.curefit.co/question/56424-pr-by-product?report_start_date=2025-04-01&report_end_date=2026-03-31&city_name=&center_service_id=&service_type=&ownership_type=&business_line=&center_name=,
,23,# Avg. Monthly users of app,No. app visits during the time period,"Average no. of unique customers per month who have visited the app and have done any activity in the fitness services (booked session/purchased pack) and the fitness products segments (purchased product).",Done,Done,Analytics,,#,,368719,461126,545155,,,https://metabase.curefit.co/question/84472-monthly-hometab-openers-any-activity-or-purchase,
,24,# Followers on social media,No of followers on each social media platforms as on today,Total number of social media followers on each platform as on the date of DRHP,Done,Done,NA,,#,"Refer to ""Business section metrics - Responses"" sheet",,,,,,Respective social media pages,
,26,Gx class utilization %,Total footfalls in Gx classes/Total capacity in Gx classes during the period,Total footfalls in the Gx classes divided by the total capacity of the Gx classes scheduled during the relevant period/year,Done,Done,Gx team,,%,,54%,57%,55%,2%,2%,"https://metabase.curefit.co/question/30893-cst-class-data?start=2026-03-01&workout=&cluster=&center_name=&city=&end=2026-03-12;
https://docs.google.com/spreadsheets/d/1KIxsfRj6wYel6Nxm-_KugA0zbLdsVLv8/edit?usp=drive_link&ouid=116981787178806296143&rtpof=true&sd=true",
,27, Avg. # Customers workingout/day,Total. footfalls during an year/365,Total number of footfalls during the relevant period/year divided by 365,Done,Done,Analytics,,#,,"96,521","122,975","142,410",,,"https://metabase.curefit.co/question/55566-footfalls-grained?Start_Date=2023-01-01&End_Date=2024-11-12&grain=quarter; 
https://metabase.curefit.co/question/75753-at-home-footfalls?grain=month",
,28,# Centers with BCA machines installed,# BCA machines that were installed till date,"Total number of Body composition analyser machines installed at the end of March 31,2026",Done,Done,CE team,,#,,,,237,,215,https://docs.google.com/spreadsheets/d/1WMG5h6DyY74FZw0UlrryUjhayhVrGtZw/edit?gid=1026505038#gid=1026505038,
,29,Gx class cancellation rate %,"Percentage of GX classes cancelled, excluding no-booking classes.","Percentage of GX classes cancelled, excluding no-booking classes.",Done,Done,Gx team,,%,,3.36%,1.38%,0.71%,,,https://metabase.curefit.co/question/84466-gx-class-cancellation-excludes-no-booking-classes,
,30,Gx class peak utilization %,Peak utilization percentage for GX classes during the relevant period/year.,Peak utilization percentage for GX classes during the relevant period/year.,Done,Done,Gx team,,%,,66.20%,68.20%,66.70%,,,https://metabase.curefit.co/question/83998-gx-hourly-utilization,
,29,# Partners with >1 centers,% of partners who has more than 1 center with Cult,Total number of partner with more than 1 center with the company divided by the total number of partners,Done,Done,Accounts,,%,,,,74%,,29%,https://docs.google.com/spreadsheets/d/1jM8qudEs5b02FtbgLnjwYMLm1gLBbI_S/edit?gid=846437202#gid=846437202,
,30,Partner Payback,Avg. trending payback (Total Capex/ (BMM recovered so far/month+ BMM/month projected))of all centers as on end of that period,Avg. trending payback (Total Capex/ (BMM recovered so far/month+ BMM/month projected))of all centers as on end of that period,Done,Done,2P team,,Months,,,,44,49,43,https://docs.google.com/spreadsheets/d/1PYHgaH4TKP6jKJXjN0t7zfmjnHsk9af6KgvKFBOfRvA/edit?gid=1215511156#gid=1215511156,Excluding Lux
,31,# Franchisee centers/partner,Total franchise centers/Total franchise partners,"Total franchisee centers divided by the total franchisee partners at the end of March 31, 2026",Done,Done,Accounts,,,,,,1.43,,,https://docs.google.com/spreadsheets/d/1jM8qudEs5b02FtbgLnjwYMLm1gLBbI_S/edit?gid=846437202#gid=846437202,
,32,CSAT,CSAT - Avg. satisfaction % for the responses during the period,Customer satisfcation is computed as the average satisfaction % for the responses ,Done,Done,Utkarsh,,,,,59%,70%,,,https://docs.google.com/spreadsheets/d/1CCBKLJt-IHJ6Ion7qcSxyLVzMhgXXnq7Nlszi3jEgX0/edit?gid=73297736#gid=73297736,
,33,# Health activities tracked,"# users whose health activities* (Heart rate, Calories burnt, etc)*# days for which these activities are tracked","# users whose health activities* (Heart rate, Calories burnt, etc)*# days for which these activities are tracked",Done,Done,Analytics,,# Mn,,,,33.2,,,"https://metabase.curefit.co/question/74738-how-much-data-from-wearbles-v3?start=2023-04-01&end=2026-03-31;
https://docs.google.com/spreadsheets/d/16plKAM29aa1Dh5od1-cIGhrRHJNFO4jl/edit?gid=804955387#gid=804955387",
,34,BT rating ,% Bad & Terrible ratings out of total responses recieved durng the period,% Bad & Terrible ratings out of total responses recieved durng the period,Done,Done,Analytics,,%,,3%,4%,4%,,,https://metabase.curefit.co/question/79589-adhoc-20-04-2026,
,35,#Customers fill Session feedback form,Total responses recieved during the period,Total responses recieved during the period,Done,Done,Analytics,,#,,"9,382,031","9,458,482","10,586,111",,,https://metabase.curefit.co/question/79589-adhoc-20-04-2026,
,36,# escalations responded within 1hr,,,Pending,Apr'27,Utkarsh,,,,,,,,,,
,37,# Supply addition by asset-light expansion,% of new on-app centers added during an year though Non-COCO mode,Total number of new centers added through Non COCO model divided by the total number of the centers added during the relevant period/year,Done,Done,Finance,,%,,61%,68%,73%,,,Center level P&L,
,38,% gym-in-box centers out of asset light centers (in additions),% of new on-app centers added during an year though franchise mode out the ones added to non-COCO mode,% of new on-app centers added during an year though franchise mode out the ones added to non-COCO mode,Done,Done,Finance,,%,,45%,39%,80%,,,Center level P&L,
,39,% centers > 12M,% of live on-app centers with age greater than 12M,% of live on-app centers with age greater than 12M,Done,Done,Finance,,%,,74%,74%,85%,,,Center level P&L,
,40,% centers achieved design state margins,,,Pending,May mid,Finance,,%,,,,,,,Center level P&L,
,41,# Corporte clients,No of corporates who have transacted with Cult during the period for B2B memberships,Total number of corporates with B2B memberships who has transacted with the company during relevant period/year,Done,Done,"Soumya, Piyush",,#,467,589,842,987,678,883,https://docs.google.com/spreadsheets/d/1Tx91aH0dD0EHYPy_yoCjgaJcqO8ACvzn/edit?gid=112267077#gid=112267077,
,42,Corporate clients retention %,% of corporate clients who transacted with Cult in both the current & previous yrs divided by clients who transacted with Cult in previous yr,% of corporate clients who transacted with Cult in both the current & previous yrs divided by clients who transacted with Cult in previous yr,Done,Done,"Soumya, Piyush",,%,,47.53%,52.12%,49.880%,,,https://docs.google.com/spreadsheets/d/1Tx91aH0dD0EHYPy_yoCjgaJcqO8ACvzn/edit?gid=112267077#gid=112267077,
,44,Member retention rate,,,Pending,Apr'28,Analytics,,,,44.70%,46.70%,48.33%,,,
,Fitness Products,,,,,,,,,,,,,,,,
,1,# Consumers touched [FS+FP],,Sum of services paid members + no. of customers estimated to have purchased product in the given period,,,,,,,,,,,,,
,1,# Annual transacting customers,No of transactions purchasing a product,Total no. of estimated unique customers who have purchased active lifestyle products of Cult Brands in the period / year across all channels.,,,,,In lacs,,10.4,13.2,21.29,,,https://metabase.curefit.co/question/84704-total-transacting-customer,
,2,# Products sold annually,# Product units sold during the period,Total no. of products sold across all categories in the period / year through all channels.,,,,,In lacs,,19.0,30.4,42.39,,,https://metabase.curefit.co/question/84483-summary,
,3,# EBOs,# No. of Exclusive brand outlets live as on the date,Total no. of Exclusive Brand Outlets of Cult at the end of the year / period.,,,,,#,,4,17,29,,,"https://docs.google.com/spreadsheets/d/1wZuc-60oLH5RX0pXj8VcuTij9zPiYSapoosjoPFO4KE/edit?gid=0#gid=0;
https://drive.google.com/file/d/1lGVaoL-e6jRSMUgh3Huuvt9FLLORCvGj/view?usp=sharing",
,4,# SKUs sold,# Unique Style Id sold during the period (SKUs),Total number of unique style ID sold during the year,,,,,#,,"3,172","4,586",6457,,,https://metabase.curefit.co/question/84483-summary,
,6,# MBOs where Cult's presence,,,,,,,,,,,,,,,
,5,# New designs in Apparel,No. of Unique Style Ids launched ,Total number of unique style ID launched during the year in apparel category,,,,,#,,355,"1,013",1445,,,https://metabase.curefit.co/question/84486-apparel-new-launch-style-id,
,6,# New designs in Footwear,No. of Unique Style Ids launched ,Total number of unique style ID launched during the year in footwear category,,,,,#,,205,212,387,,,https://metabase.curefit.co/question/84487-footwear-new-launch-style-id,
,7,% imports in apparel business,Import % on the products ,Total of raw material imported for the apparel category divided by the total raw material purchased in the apparel category during the period / year.,,,,,%,,30%,7%,0%,,,https://drive.google.com/drive/folders/1UjY20nPNuVwRN4-Z7Ic81ZNfiJBdinWK,
,8,% imports in footwear business,Import % on the products ,Total of raw material imported for the footwear category divided by the total raw material purchased in the footwear category during the period / year.,,,,,%,,53%,0%,0%,,,https://drive.google.com/drive/folders/1UjY20nPNuVwRN4-Z7Ic81ZNfiJBdinWK,
,9,Product sales - Online vs Offline in FY25,% of Products sold online through D2C and 1P Channel ,"Product Sales (Online) - Total product sales through Company website, app, third party marketplaces divided by the total product sales during the period / year
 Product Sales (Offline) - All Product Sales less Product Sales (Online) during the period / year.",,,,,%,,76.55%,75.63%,75.31%,,,https://metabase.curefit.co/question/84661-online-channel-percentage,
,10,# Employees by function,,No. of Employees who were associated with the company in the [.] departent during the period / year.,,,,,,,,,,,,,
,11,Own Channel %,% of Products sold online through 1P Channel & EBO,Total product sales through Company website app and EBO stores,,,,,%,,,7.43%,23.90%,,,https://metabase.curefit.co/question/84661-online-channel-percentage,
,12,Cross sell rev as % of Products rev,Products Sales revenue generated from individuals with memberships (Live or Expired),Product Revenue from Paid members on own channel expressed as a % of total product revenue on own channel during the period / year.,,,,,%,,29.07%,32.37%,31.75%,,,https://metabase.curefit.co/question/84562-financial-year-wise-cross-sell-percentage,
,48,Referrals,Referral orders as a percentage of new orders during the relevant period/year.,Referral orders as a percentage of new orders during the relevant period/year.,Done,Done,,,%,,24%,29%,39%,,,https://metabase.curefit.co/question/72394-spot-offer-referral-discount-nce-orders,

,,,,,,,,,,,,,,,,,
,,,,,,,,,,,,,,,,,
,Q FP ,Manufacturing - Substantitate <> For Fitness Products ,,,,,,,,,,,,,,,
,Q FP ,Use of Fitness Centers members inouts for FP Product Design ,,,,,,,,,,,,,,,
,Q FP ,Manufacturing Inspections and QC individual ,,,,,,,,,,,,,,,
,Q FP ,Market Research of Massagers before starting the product line - Abhilash,,,,,,,,,,,,,,,
,Q FP ,EBO Center Opening and Launch ,,,,,,,,,,,3 - 5 Months on average,,,,
