source_rows,normalized_source_url,asset_type,root_asset_id,root_asset_name,source_row_count,duplicate_source_rows,direct_card_count,direct_cards,nested_card_count,nested_cards,table_count,tables,cte_count,ctes,upstream_core_object_count,upstream_core_objects,unresolved_dependency_count,unresolved_dependencies,evidence_status,notes
1,https://metabase.curefit.co/question/75109-memberships-by-each-business-line-end-of-each-month-including-all-packs?start_date=2025-09-01&end_date=2026-01-31,question,75109,Memberships by Each Business Line - End of Each Month - including all packs,1,,1,75109:Memberships by Each Business Line - End of Each Month - including all packs,0,,2,dwh_curefit.dim_date || dwh_fitness_mart.membership_dim,1,dates,2,dwh_curefit.dim_date || dwh_fitness_mart.membership_dim,1,dates,query_sql|metadata_json|raw_csv|output_preview_html|lineage_preview_html,Relation not found in local dbt manifest.
2,https://metabase.curefit.co/question/77280-memberships-by-each-business-line-end-of-each-month-including-all-packs-city-level?start_date=2025-09-12&end_date=2026-03-12,question,77280,Memberships by Each Business Line - End of Each Month - including all packs -city level,1,,1,77280:Memberships by Each Business Line - End of Each Month - including all packs -city level,0,,3,dwh_curefit.dim_date || dwh_fitness_mart.center_dim || dwh_fitness_mart.membership_dim,1,dates,3,dwh_curefit.dim_date || dwh_fitness_mart.center_dim || dwh_fitness_mart.membership_dim,1,dates,query_sql|metadata_json|raw_csv|output_preview_html|lineage_preview_html,Relation not found in local dbt manifest.
3,https://metabase.curefit.co/question/75114-monthly-active-memberships-elite-pro-play-lux?Start_Date=2023-04-01&end_date=2025-12-31,question,75114,"Monthly active memberships ELITE, PRO, PLAY, LUX",1,,1,"75114:Monthly active memberships ELITE, PRO, PLAY, LUX",0,,2,dwh_curefit.dim_date || dwh_fitness_mart.membership_dim,2,activeMemberships || liveMemberships,2,dwh_curefit.dim_date || dwh_fitness_mart.membership_dim,2,activeMemberships || liveMemberships,query_sql|metadata_json|result_blocked,Relation not found in local dbt manifest.
4|21,https://metabase.curefit.co/question/55566-footfalls-grained?Start_Date=2023-01-01&End_Date=2024-11-12&grain=quarter,question,55566,#Footfalls - Grained,2,21,1,55566:#Footfalls - Grained,0,,4,base || dwh_fitness_mart.booking_fact || dwh_fitness_mart.center_dim || dwh_fitness_mart.membership_dim,0,,3,dwh_fitness_mart.booking_fact || dwh_fitness_mart.center_dim || dwh_fitness_mart.membership_dim,1,base,query_sql|metadata_json|raw_csv|output_preview_html|lineage_preview_html,Relation not found in local dbt manifest.
5|22,https://metabase.curefit.co/question/75753-at-home-footfalls?grain=month,question,75753,'At Home' footfalls,2,22,1,75753:'At Home' footfalls,0,,2,dwh_fitness_mart.membership_dim || dwh_live.live_bookings,0,,2,dwh_fitness_mart.membership_dim || dwh_live.live_bookings,0,,query_sql|metadata_json|result_blocked,
6,https://metabase.curefit.co/question/47810-which-of-these-below-mentioned-statements-best-describes-your-fitness-history,question,47810,Which of these below- mentioned statements best describes your fitness history.,1,,1,47810:Which of these below- mentioned statements best describes your fitness history.,0,,1,pk_curefitprod_cfdb.npsresponses,0,,1,pk_curefitprod_cfdb.npsresponses,0,,query_sql|metadata_json|raw_csv|output_preview_html|lineage_preview_html,
7,https://metabase.curefit.co/question/75630-gender-split?ed=2023-03-31,question,75630,Gender Split,1,,1,75630:Gender Split,0,,10,BASE || GENDER_BASE || age_onboarding || birthday_base || dwh_fitness_mart.membership_dim || pk_cfprodplatforms_rashi.User_Attribute || pk_cfuserservice_cultapp.User || pk_curefitprod_cfdb.npsresponses || rashi_age || user_age,0,,3,dwh_fitness_mart.membership_dim || pk_cfuserservice_cultapp.user || pk_curefitprod_cfdb.npsresponses,7,BASE || GENDER_BASE || age_onboarding || birthday_base || pk_cfprodplatforms_rashi.User_Attribute || rashi_age || user_age,query_sql|metadata_json|result_blocked,Relation not found in local dbt manifest.
8,https://metabase.curefit.co/question/76611-daily-metrics-tanmai-v2-with-end-date?Start_Date=2023-04-01&End_Date=2026-03-31,question,76611,Daily metrics - Tanmai v2 - With end date,1,,1,76611:Daily metrics - Tanmai v2 - With end date,0,,6,dwh_fitness.fitness_orders || dwh_fitness_mart.center_dim || dwh_fitness_mart.membership_dim || dwh_fitness_mart.orders_fact || pk_prod_curefit_prod.orders || pk_prod_curefit_prod.orders_payments,0,,31,dwh_fitness_mart.center_dim || dwh_fitness_mart.membership_dim || pk_cultprod_cultapp.address || pk_cultprod_cultapp.booking || pk_cultprod_cultapp.center || pk_cultprod_cultapp.city || pk_cultprod_cultapp.cultclass || pk_cultprod_cultapp.membership || pk_cultprod_cultapp.preregistrationoffer || pk_curefitplatforms_membershipdb.memberships || pk_curefitprod_center_service.center || pk_curefitprod_center_service.center_sku || pk_curefitprod_center_service.sku || pk_curefitprod_gymfit.addresses || pk_curefitprod_gymfit.centers || pk_curefitprod_gymfit.sellers || pk_oms_analytics.payment_success || pk_prod_curefit_prod.offers || pk_prod_curefit_prod.orders || pk_prod_curefit_prod.orders_offersinfo || pk_prod_curefit_prod.orders_payments || pk_prod_curefit_prod.orders_payments_onuspayments || pk_prod_curefit_prod.orders_payments_refunds || pk_prod_curefit_prod.orders_products || pk_prod_curefit_prod.orders_productsnapshots || pk_prod_curefit_prod.orders_productsnapshots_option_offersinfo || pk_prod_curefit_prod.orders_statushistory || pk_prod_curefit_prod.referrals || pk_prod_curefit_prod.referrals_refereerewards || pk_prod_curefit_prod.referrals_statushistory || pk_walletprod_wallet_prod.wallet_refund,1,dwh_fitness.fitness_orders,query_sql|metadata_json|result_blocked,Relation not found in local dbt manifest.
9,https://metabase.curefit.co/question/75647-same-center-vs-other-center?Last_date=2026-02-09,question,75647,Same center vs other center,1,,1,75647:Same center vs other center,0,,4,base || dwh_fitness_mart.booking_fact || dwh_fitness_mart.center_dim || dwh_fitness_mart.membership_dim,0,,3,dwh_fitness_mart.booking_fact || dwh_fitness_mart.center_dim || dwh_fitness_mart.membership_dim,1,base,query_sql|metadata_json|raw_csv|output_preview_html|lineage_preview_html,Relation not found in local dbt manifest.
10,https://metabase.curefit.co/question/75650-same-city-vs-other-city-modified?Last_date=2026-02-09,question,75650,Same city vs other city - Modified,1,,1,75650:Same city vs other city - Modified,0,,4,base || dwh_fitness_mart.booking_fact || dwh_fitness_mart.center_dim || dwh_fitness_mart.membership_dim,0,,3,dwh_fitness_mart.booking_fact || dwh_fitness_mart.center_dim || dwh_fitness_mart.membership_dim,1,base,query_sql|metadata_json|result_blocked,Relation not found in local dbt manifest.
11,https://metabase.curefit.co/question/75654-gx-formats?Last_date=2025-12-31,question,75654,GX formats,1,,1,75654:GX formats,0,,7,User_classes || base || dwh_fitness_mart.booking_fact || dwh_fitness_mart.center_dim || dwh_fitness_mart.employee_dim || dwh_fitness_mart.membership_dim || dwh_fitness_mart.workout_dim,1,all_sessions_df,13,dwh_fitness_mart.booking_fact || dwh_fitness_mart.center_dim || dwh_fitness_mart.membership_dim || pk_cultprod_cultapp.center || pk_cultprod_cultapp.cultemployee || pk_cultprod_cultapp.employeehomecentermapping || pk_cultprod_cultapp.workout || pk_curefitplatforms_identitydb.identity || pk_curefitplatforms_watchmen.membership || pk_hrms_neo_cult.designation || pk_hrms_neo_cult.employee || pk_hrms_neo_cult.exit_details || pk_hrms_neo_cult.job_details,3,User_classes || all_sessions_df || base,query_sql|metadata_json|result_blocked,Relation not found in local dbt manifest.
12,https://metabase.curefit.co/question/75628-pauses-extensions?ed=2025-12-31,question,75628,Pauses Extensions,1,,1,75628:Pauses Extensions,0,,5,base || dwh_fitness_bi.pause_and_extension_fact || dwh_fitness_mart.membership_dim || dwh_fitness_mart.orders_fact || pk_curefitplatforms_membershipdb.memberships,1,parent_child_map,30,dwh_fitness_mart.membership_dim || pk_cultprod_cultapp.address || pk_cultprod_cultapp.booking || pk_cultprod_cultapp.center || pk_cultprod_cultapp.city || pk_cultprod_cultapp.cultclass || pk_cultprod_cultapp.membership || pk_cultprod_cultapp.preregistrationoffer || pk_curefitplatforms_membershipdb.memberships || pk_curefitprod_center_service.center || pk_curefitprod_center_service.center_sku || pk_curefitprod_center_service.sku || pk_curefitprod_gymfit.addresses || pk_curefitprod_gymfit.centers || pk_curefitprod_gymfit.sellers || pk_oms_analytics.payment_success || pk_prod_curefit_prod.offers || pk_prod_curefit_prod.orders || pk_prod_curefit_prod.orders_offersinfo || pk_prod_curefit_prod.orders_payments || pk_prod_curefit_prod.orders_payments_onuspayments || pk_prod_curefit_prod.orders_payments_refunds || pk_prod_curefit_prod.orders_products || pk_prod_curefit_prod.orders_productsnapshots || pk_prod_curefit_prod.orders_productsnapshots_option_offersinfo || pk_prod_curefit_prod.orders_statushistory || pk_prod_curefit_prod.referrals || pk_prod_curefit_prod.referrals_refereerewards || pk_prod_curefit_prod.referrals_statushistory || pk_walletprod_wallet_prod.wallet_refund,3,base || dwh_fitness_bi.pause_and_extension_fact || parent_child_map,query_sql|metadata_json|raw_csv|output_preview_html|lineage_preview_html,Relation not found in local dbt manifest.
13,https://metabase.curefit.co/question/59428-nps-by-product-new?city_name=&end_date=2026-02-09&activity_status=actual-active&business_line=&service_type=&ownership_type=&center_name=&start_date=2025-12-01&sub_service_type=&center_service_id=,question,59428,NPS by Product - New,1,,1,59428:NPS by Product - New,0,,5,combinations_base || dwh_fitness_mart.center_dim || dwh_fitness_metrics.footfall_by_service_type || dwh_fitness_metrics.nps_responses_base || nps_base,2,individual_nps || platform_nps,1,dwh_fitness_mart.center_dim,6,combinations_base || dwh_fitness_metrics.footfall_by_service_type || dwh_fitness_metrics.nps_responses_base || individual_nps || nps_base || platform_nps,query_sql|metadata_json|raw_csv|output_preview_html|lineage_preview_html,Relation not found in local dbt manifest.
14,https://metabase.curefit.co/dashboard/3324-pr-dashboard?business_line=&center_name=&center_service_id=&city_name=&ownership_type=&report_end_date=2025-12-31&report_start_date=2022-04-01&service_type=,dashboard,3324,PR DASHBOARD,1,,9,56424:PR BY PRODUCT || 56862:PR BY CITY || 56863:PR BY OWNERSHIP TYPE || 56865:PR BY PRODUCT x CITY || 56866:PR BY PRODUCT x OWNERSHIP TYPE || 56867:PR BY PRODUCT x OWNERSHIP TYPE x CITY || 56868:PR BY CENTER || 56869:PR SERVICE TYPE WEEK TREND LINE || 56872:RESPONSE FUNNEL,0,,2,dwh_fitness_mart.booking_fact || dwh_fitness_mart.center_dim,3,bt_data || pivoted_data || response_data,2,dwh_fitness_mart.booking_fact || dwh_fitness_mart.center_dim,3,bt_data || pivoted_data || response_data,query_sql|metadata_json|raw_csv|output_preview_html|lineage_preview_html,Relation not found in local dbt manifest.
15|17,https://metabase.curefit.co/question/67337-installs-by-type-source-duplicate?Time_Granularity=Month&From=2022-04-01&To=2025-12-31&City=&Campaign=&Value_Type=Users,question,67337,# Installs by type & source - Duplicate,2,17,1,67337:# Installs by type & source - Duplicate,0,,1,dwh_growth_mart.growth_install_fact,0,,0,,1,dwh_growth_mart.growth_install_fact,query_sql|metadata_json|raw_csv|output_preview_html|lineage_preview_html,Relation not found in local dbt manifest.
16|18,https://metabase.curefit.co/question/75999-page-ids-traffic?Start=2022-04-01&End=2025-12-31&Time_Granularity=Month,question,75999,Page Ids Traffic,2,18,1,75999:Page Ids Traffic,0,,2,base || pk_curefit_app_events.page_view,0,,0,,2,base || pk_curefit_app_events.page_view,query_sql|metadata_json|result_blocked,Relation not found in local dbt manifest.
19|20,https://metabase.curefit.co/question/30893-cst-class-data?start=2026-03-01&workout=&cluster=&center_name=&city=&end=2026-03-12,question,30893,CST - Class data,2,20,1,30893:CST - Class data,0,,16,base || dwh_fitness.fitness_bookings || dwh_fitness_mart.employee_dim || pk_cultprod_cultapp.Cultclassoos || pk_cultprod_cultapp.Toainstance || pk_cultprod_cultapp.WorkoutFamily || pk_cultprod_cultapp.WorkoutFamilyWorkoutMap || pk_cultprod_cultapp.center || pk_cultprod_cultapp.city || pk_cultprod_cultapp.cultclass || pk_cultprod_cultapp.cultemployee || pk_cultprod_cultapp.locationhierarchy || pk_cultprod_cultapp.trainercultclassmap || pk_cultprod_cultapp.waitlist || pk_cultprod_cultapp.workout || pk_curefitprod_center_service.center,0,,17,pk_cultprod_cultapp.center || pk_cultprod_cultapp.city || pk_cultprod_cultapp.cultclass || pk_cultprod_cultapp.cultclassoos || pk_cultprod_cultapp.cultemployee || pk_cultprod_cultapp.employeehomecentermapping || pk_cultprod_cultapp.trainercultclassmap || pk_cultprod_cultapp.waitlist || pk_cultprod_cultapp.workout || pk_cultprod_cultapp.workoutfamilyworkoutmap || pk_curefitplatforms_identitydb.identity || pk_curefitplatforms_watchmen.membership || pk_curefitprod_center_service.center || pk_hrms_neo_cult.designation || pk_hrms_neo_cult.employee || pk_hrms_neo_cult.exit_details || pk_hrms_neo_cult.job_details,5,base || dwh_fitness.fitness_bookings || pk_cultprod_cultapp.Toainstance || pk_cultprod_cultapp.WorkoutFamily || pk_cultprod_cultapp.locationhierarchy,query_sql|metadata_json|raw_csv|output_preview_html|lineage_preview_html,Relation not found in local dbt manifest.
23|24,https://metabase.curefit.co/dashboard/4042-ipo-data?business_unit=&category=&end_date=&period=&start_date=,dashboard,4042,IPO Data,2,24,21,75736:Total Amount and Units || 75854:Month Level Amount and Units || 75859:Month_Pincode Level  Units || 75860:Month_Category Level Amount and Units || 75863:Month_Skucode Level  Units || 75864:Month_Business Unit Level Amount and Units || 75865:Business Unit Level Amount and Units || 75866:Quarter Level Amount and Units || 75867:Financial Year Level Amount and Units || 75868:Month_Category_itemcode Level Amount and Units || 75869:Category_itemcode Level Amount and Units || 75870:Unique Pincodes || 75871:Unique Sku Code || 75872:Raw Data - 2 || 75876:Financial Year Wise Summary || 75881:New Launch SKU || 75894:New Launch Style Id || 75906:Financial Year Wise Summary -  Category Wise || 75910:Month_Bill to Customer Name Level Amount and Units - || 76602:Financial Year Wise Summary -  Category and Channel Wise || 76604:Financial Year Wise Summary -  Channel Type Wise,1,metabase.card.75683,2,pk_fitstore_unicommerce.item_details_summary || stage_dwh.dwh_d2c_metrics_bizfin_sales_data,1,sku_launch_date,0,,3,pk_fitstore_unicommerce.item_details_summary || sku_launch_date || stage_dwh.dwh_d2c_metrics_bizfin_sales_data,query_sql|metadata_json || query_sql|metadata_json|result_blocked,Relation not found in local dbt manifest.
25,https://metabase.curefit.co/dashboard/3604-cross-sell-dashboard?active_end_date=2026-01-31&active_start_date=2025-04-01&business_line=&category=Indoor+Equipment&category=Indoor_Equipment-Strength&cohort=&compare_with_current_date=1&compare_with_current_month=1&consider_active_time=1&consider_city=0&coupon_code=&current_month_active_vs_expired=&current_month_trend=1&date_filter=Month&date_of_month_end_date=&date_of_month_start_date=&first_membership_created_end_date=&first_membership_created_start_date=&is_freebie_order=1&is_fs_member=1&membership_created_end_date=&membership_created_start_date=&month_end_date=&month_start_date=&no_of_month=2&order_end_date=2026-01-31&order_start_date=2026-01-01&service_type=&source=&store_name=&tab=207-visualization&twelve_month_trend=1,dashboard,3604,Cross Sell Dashboard,1,,66,63726:Source Wise Cross Sales || 63727:Service_Type  Wise Cross Sales || 63729:State Wise Cross Sell || 63731:Service_Type_Category  Wise Cross Sell || 63733:New VS Repeat GMV  Summary  – Last 12 Months || 63734:Source_Cohort_Category Wise Cross Sell || 63735:New VS Repeat GMV  Summary || 63738:Cohort  Wise Cross Sales || 63743:Gender Wise Cross Sell || 63745:Category Wise Cross Sell VS D2C || 63746:Gender_Age_Category Wise Cross Sell || 63748:Cohort__Service_Type_Category Wise Cross Sales || 63750:Cohort_Service_Type  Wise Cross Sales || 63751:Age Wise Cross Sell || 63753:Cross-Sell VS D2C Trend – Last 12 Months || 63754:Cohort__Category Wise Cross Sales || 63759:Top Performing Products In Each Category Date Wise || 63760:New VS Repeat  No Of Orders  Summary  – Last 12 Months || 63761:Gender_Age Wise Cross Sell || 63763:Funnel Cross Sales || 63767:Top Performing Products In Each Category || 63774:Gender_Category Wise Cross Sell || 63780:Day_Cohort_Category Wise Cross Sales || 63781:City Wise Cross Sell || 63786:Category Wise Cross Sales || 63788:Age_Category Wise Cross Sell || 63791:New VS Repeat  No Of Orders  Summary || 63795:Quarter Wise Cross Sell User Count || 64117:EBO Cross Sell - Month_Store Wise || 64443:Current Month Day Wise Cross Sell VS D2C || 65122:EBO Cross Sell - Month_Store_Category Wise || 65123:EBO Cross Sell - Store_Category Wise || 65124:EBO Cross Sell - Store Wise || 65138:EBO Cross Sell - Cohort Wise || 65159:EBO Cross Sell - Majority Service Wise || 65195:EBO - Cross Sell VS D2C || 65196:EBO - Category Wise Cross Sell VS D2C || 65198:EBO Cross Sell - Category Wise || 65202:EBO - Cross-Sell Trend – Last 12 Months || 65204:Cross Sell VS D2C || 65637:EBO -  Cross Sell Market Size || 66102:Source Wise Cross Sell VS D2C || 66114:Active VS Expired GMV  Summary || 66134:Active VS Expired GMV  Summary  – Last 12 Months || 68048:Cohort wise comparison || 68050:Platform wise comparison || 68051:Source wise comparison || 68052:Category wise comparison || 68056:Article Type wise comparison || 68058:Majority Service Type wise comparison || 68059:Month Wise Revenue Comparison || 68061:Month Wise Membership Purchase Count || 68064:First Membership Purchase Count || 68065:First Membership Purchase Cohort Wise Count || 68066:Membership Purchase Cohort Wise Count || 70058:User Count FS VS D2C With Filters || 70149:EBO - Store Wise Cross Sell VS D2C || 71753:No of users who used coupons || 71754:Repeat Count || 72319:No Of People Who Have Purchased Before Coupons || 72323:No Of People Who Have Purchased another Item With Coupon || 72328:Coupon Article Type Wise User Count || 72382:Repeat Purchase Category User Count || 72383:Coupon Article_Type Repeat Purchase_Category User Count With Average Values || 72384:Coupon Article_Type Repeat Category  Month Wise User Count || 72385:Coupon Repeat Funnel,0,,13,dwh_fitness_mart.booking_fact || dwh_fitness_mart.center_dim || dwh_fitness_mart.membership_dim || dwh_fitness_metrics.cross_sell_orders || dwh_fitness_metrics.fs_cohorts || gs_d2c.default.cs_dev_users || gs_d2c.default.ebo_store_location || pk_cultsport_app_events.web_cultsport_gearaddtocartclicked || pk_cultsport_app_events_backend.cultsportcartcheckoutitem_backend || pk_curefit_app_events.web_cultsport_page_view || pk_d2c_cultstore.PAGE_VIEW || pk_d2c_cultstore.atc || pk_d2c_cultstore.checkout_clicked,51,active_pack || age_calculated || atc_combined || attributed_users || booking_fact || center_dim || checkout_combined || city_filtered || combined_data || combined_user || cross_sell_orders || cross_sell_user_gmv || current_month_data || custom_atc || custom_checkout || custom_event_data || custom_home_page_view || custom_pdp_page_view || custom_plp_page_view || dev_users || ebo_store || filtered_booking_fact || filtered_centers || final_data || final_summary || freebie_data || freebie_user_category || freebie_user_date || fs_cohort_active || fs_cohort_expired || fs_cohorts || grouped_data || home_page_view_combined || membership_dim || non_attributes_users || order_data || order_data_freebie_users || order_detail || overall_gmv || pdp_page_view_combined || plp_page_view_combined || ranked_data || shopify_atc || shopify_checkout || shopify_event_data || shopify_home_page_view || shopify_pdp_page_view || shopify_plp_page_view || user_city_mapped || user_count_details || user_details,53,dwh_fitness.fitness_attribution_prediction || dwh_fitness_mart.b2b_employee_details || dwh_fitness_mart.booking_fact || dwh_fitness_mart.center_dim || dwh_fitness_mart.customer_sentiment || dwh_fitness_mart.membership_dim || pk_cfuserservice_cultapp.user || pk_cultprod_cultapp.address || pk_cultprod_cultapp.attendance || pk_cultprod_cultapp.booking || pk_cultprod_cultapp.center || pk_cultprod_cultapp.city || pk_cultprod_cultapp.cultclass || pk_cultprod_cultapp.cultemployee || pk_cultprod_cultapp.membership || pk_cultprod_cultapp.membershiptransfer || pk_cultprod_cultapp.trainercultclassmap || pk_cultprod_cultapp.waitlist || pk_cultprod_cultapp.workout || pk_cultprod_cultapp.workoutfamilyworkoutmap || pk_curefitplatforms_membershipdb.audit_logs || pk_curefitplatforms_membershipdb.benefits || pk_curefitplatforms_membershipdb.memberships || pk_curefitplatforms_membershipdb.pauses || pk_curefitprod_albus_transform.bundle_order_agent_map || pk_curefitprod_albus_transform.mp_bundle_orders || pk_curefitprod_center_service.center || pk_curefitprod_center_service.center_sku || pk_curefitprod_center_service.sku || pk_curefitprod_fitness_accounting_service.user_center_tagging || pk_curefitprod_gymfit.addresses || pk_curefitprod_gymfit.centerofferings || pk_curefitprod_gymfit.centers || pk_curefitprod_gymfit.checkins || pk_curefitprod_gymfit.memberships || pk_curefitprod_gymfit.sellers || pk_curefitprod_yoda.session || pk_prod_coupons_prod.couponconsumptions || pk_prod_curefit_prod.feedbacks || pk_prod_curefit_prod.orders || pk_prod_curefit_prod.orders_payments || pk_prod_curefit_prod.orders_payments_refunds || pk_prod_curefit_prod.orders_productsnapshots || pk_prod_enterprise_prod.employeeregistrations || pk_prod_enterprise_prod.programs || pk_prod_jogo_jogo_new.all_bookings || pk_prod_jogo_jogo_new.facilities || pk_prod_jogo_jogo_new.facility_sport_mappings || pk_prod_jogo_jogo_new.purchases || pk_prod_jogo_jogo_new.sports || pk_prod_jogo_jogo_new.subscriptions || pk_prod_jogo_jogo_new.users || pk_prod_jogo_jogo_new.waitlist_bookings,58,active_pack || age_calculated || atc_combined || attributed_users || checkout_combined || city_filtered || combined_data || combined_user || cross_sell_orders || cross_sell_user_gmv || current_month_data || custom_atc || custom_checkout || custom_event_data || custom_home_page_view || custom_pdp_page_view || custom_plp_page_view || dev_users || dwh_fitness_metrics.cross_sell_orders || dwh_fitness_metrics.fs_cohorts || ebo_store || filtered_booking_fact || filtered_centers || final_data || final_summary || freebie_data || freebie_user_category || freebie_user_date || fs_cohort_active || fs_cohort_expired || fs_cohorts || grouped_data || gs_d2c.default.cs_dev_users || gs_d2c.default.ebo_store_location || home_page_view_combined || non_attributes_users || order_data || order_data_freebie_users || order_detail || overall_gmv || pdp_page_view_combined || pk_cultsport_app_events.web_cultsport_gearaddtocartclicked || pk_cultsport_app_events_backend.cultsportcartcheckoutitem_backend || pk_curefit_app_events.web_cultsport_page_view || pk_d2c_cultstore.PAGE_VIEW || pk_d2c_cultstore.atc || pk_d2c_cultstore.checkout_clicked || plp_page_view_combined || ranked_data || shopify_atc || shopify_checkout || shopify_event_data || shopify_home_page_view || shopify_pdp_page_view || shopify_plp_page_view || user_city_mapped || user_count_details || user_details,query_sql|metadata_json|raw_csv|output_preview_html|lineage_preview_html || query_sql|metadata_json|result_blocked,Relation not found in local dbt manifest.
